{
	"credit": "Made with Blockbench",
	"parent": "mzk1",
	"textures": {
		"0": "moha/colors/haiiro2",
		"1": "moha/colors/dummy",
		"2": "moha/colors/red",
		"particle": "moha/colors/haiiro2"
	},
	"elements": [
		{
			"name": "hexadecagon",
			"from": [6.4, 4.85027, 8.35],
			"to": [9.6, 4.94973, 8.85],
			"rotation": {"angle": -45, "axis": "x", "origin": [1.6, 4.9, 8.6]},
			"faces": {
				"north": {"uv": [0, 0, 1, 1], "texture": "#0"},
				"east": {"uv": [0, 0, 1, 1], "texture": "#0"},
				"south": {"uv": [0, 0, 1, 1], "texture": "#0"},
				"west": {"uv": [0, 0, 1, 1], "texture": "#0"},
				"up": {"uv": [0, 0, 1, 1], "texture": "#0"},
				"down": {"uv": [0, 0, 1, 1], "texture": "#0"}
			}
		},
		{
			"name": "hexadecagon",
			"from": [6.4, 4.85027, 8.35],
			"to": [9.6, 4.94973, 8.85],
			"rotation": {"angle": -22.5, "axis": "x", "origin": [1.6, 4.9, 8.6]},
			"faces": {
				"north": {"uv": [0, 0, 1, 1], "texture": "#0"},
				"east": {"uv": [0, 0, 1, 1], "texture": "#0"},
				"south": {"uv": [0, 0, 1, 1], "texture": "#0"},
				"west": {"uv": [0, 0, 1, 1], "texture": "#0"},
				"up": {"uv": [0, 0, 1, 1], "texture": "#0"},
				"down": {"uv": [0, 0, 1, 1], "texture": "#0"}
			}
		},
		{
			"name": "hexadecagon",
			"from": [6.4, 4.85027, 8.35],
			"to": [9.6, 4.94973, 8.85],
			"rotation": {"angle": 0, "axis": "y", "origin": [1.6, 4.9, 8.6]},
			"faces": {
				"north": {"uv": [0, 0, 1, 1], "texture": "#0"},
				"east": {"uv": [0, 0, 1, 1], "texture": "#0"},
				"south": {"uv": [0, 0, 1, 1], "texture": "#0"},
				"west": {"uv": [0, 0, 1, 1], "texture": "#0"},
				"up": {"uv": [0, 0, 1, 1], "texture": "#0"},
				"down": {"uv": [0, 0, 1, 1], "texture": "#0"}
			}
		},
		{
			"name": "hexadecagon",
			"from": [6.4, 4.85027, 8.35],
			"to": [9.6, 4.94973, 8.85],
			"rotation": {"angle": 22.5, "axis": "x", "origin": [1.6, 4.9, 8.6]},
			"faces": {
				"north": {"uv": [0, 0, 1, 1], "texture": "#0"},
				"east": {"uv": [0, 0, 1, 1], "texture": "#0"},
				"south": {"uv": [0, 0, 1, 1], "texture": "#0"},
				"west": {"uv": [0, 0, 1, 1], "texture": "#0"},
				"up": {"uv": [0, 0, 1, 1], "texture": "#0"},
				"down": {"uv": [0, 0, 1, 1], "texture": "#0"}
			}
		},
		{
			"name": "hexadecagon",
			"from": [6.4, 4.85027, 8.35],
			"to": [9.6, 4.94973, 8.85],
			"rotation": {"angle": 45, "axis": "x", "origin": [1.6, 4.9, 8.6]},
			"faces": {
				"north": {"uv": [0, 0, 1, 1], "texture": "#0"},
				"east": {"uv": [0, 0, 1, 1], "texture": "#0"},
				"south": {"uv": [0, 0, 1, 1], "texture": "#0"},
				"west": {"uv": [0, 0, 1, 1], "texture": "#0"},
				"up": {"uv": [0, 0, 1, 1], "texture": "#0"},
				"down": {"uv": [0, 0, 1, 1], "texture": "#0"}
			}
		},
		{
			"name": "hexadecagon",
			"from": [6.4, 4.65, 8.55027],
			"to": [9.6, 5.15, 8.64973],
			"rotation": {"angle": -22.5, "axis": "x", "origin": [1.6, 4.9, 8.6]},
			"faces": {
				"north": {"uv": [0, 0, 1, 1], "texture": "#0"},
				"east": {"uv": [0, 0, 1, 1], "texture": "#0"},
				"south": {"uv": [0, 0, 1, 1], "texture": "#0"},
				"west": {"uv": [0, 0, 1, 1], "texture": "#0"},
				"up": {"uv": [0, 0, 1, 1], "texture": "#0"},
				"down": {"uv": [0, 0, 1, 1], "texture": "#0"}
			}
		},
		{
			"name": "hexadecagon",
			"from": [6.4, 4.65, 8.55027],
			"to": [9.6, 5.15, 8.64973],
			"rotation": {"angle": 0, "axis": "y", "origin": [1.6, 4.9, 8.6]},
			"faces": {
				"north": {"uv": [0, 0, 1, 1], "texture": "#0"},
				"east": {"uv": [0, 0, 1, 1], "texture": "#0"},
				"south": {"uv": [0, 0, 1, 1], "texture": "#0"},
				"west": {"uv": [0, 0, 1, 1], "texture": "#0"},
				"up": {"uv": [0, 0, 1, 1], "texture": "#0"},
				"down": {"uv": [0, 0, 1, 1], "texture": "#0"}
			}
		},
		{
			"name": "hexadecagon",
			"from": [6.4, 4.65, 8.55027],
			"to": [9.6, 5.15, 8.64973],
			"rotation": {"angle": 22.5, "axis": "x", "origin": [1.6, 4.9, 8.6]},
			"faces": {
				"north": {"uv": [0, 0, 1, 1], "texture": "#0"},
				"east": {"uv": [0, 0, 1, 1], "texture": "#0"},
				"south": {"uv": [0, 0, 1, 1], "texture": "#0"},
				"west": {"uv": [0, 0, 1, 1], "texture": "#0"},
				"up": {"uv": [0, 0, 1, 1], "texture": "#0"},
				"down": {"uv": [0, 0, 1, 1], "texture": "#0"}
			}
		},
		{
			"from": [7.65, 3.25, 13.85],
			"to": [8.35, 3.45, 15.75],
			"rotation": {"angle": 0, "axis": "y", "origin": [7.65, 0, 0]},
			"faces": {
				"north": {"uv": [0, 0, 1.9, 0.2], "texture": "#0"},
				"east": {"uv": [0, 0, 1.9, 0.2], "texture": "#0"},
				"south": {"uv": [0, 0, 1.9, 0.2], "texture": "#0"},
				"west": {"uv": [0, 0, 1.9, 0.2], "texture": "#0"},
				"up": {"uv": [0, 0, 1.9, 0.2], "texture": "#0"},
				"down": {"uv": [0, 0, 1.9, 0.2], "texture": "#0"}
			}
		},
		{
			"from": [7.65, 0.075, 14.35],
			"to": [8.35, 0.275, 16.55],
			"rotation": {"angle": 0, "axis": "y", "origin": [7.65, 0, 0]},
			"faces": {
				"north": {"uv": [0, 0, 2.2, 0.2], "texture": "#0"},
				"east": {"uv": [0, 0, 2.2, 0.2], "texture": "#0"},
				"south": {"uv": [0, 0, 2.2, 0.2], "texture": "#0"},
				"west": {"uv": [0, 0, 2.2, 0.2], "texture": "#0"},
				"up": {"uv": [0, 0, 2.2, 0.2], "texture": "#0"},
				"down": {"uv": [0, 0, 2.2, 0.2], "texture": "#0"}
			}
		},
		{
			"from": [7.65, 3.575, 15.625],
			"to": [8.35, 3.775, 17.675],
			"rotation": {"angle": 22.5, "axis": "x", "origin": [8, 3.35, 14.875]},
			"faces": {
				"north": {"uv": [0, 0, 2.05, 0.2], "texture": "#0"},
				"east": {"uv": [0, 0, 2.05, 0.2], "texture": "#0"},
				"south": {"uv": [0, 0, 2.05, 0.2], "texture": "#0"},
				"west": {"uv": [0, 0, 2.05, 0.2], "texture": "#0"},
				"up": {"uv": [0, 0, 2.05, 0.2], "texture": "#0"},
				"down": {"uv": [0, 0, 2.05, 0.2], "texture": "#0"}
			}
		},
		{
			"from": [7.65, 0.975, 17.425],
			"to": [8.35, 3.775, 17.675],
			"rotation": {"angle": 22.5, "axis": "x", "origin": [8, 3.35, 14.875]},
			"faces": {
				"north": {"uv": [0, 0, 0.25, 2.8], "texture": "#0"},
				"east": {"uv": [0, 0, 0.25, 2.8], "texture": "#0"},
				"south": {"uv": [0, 0, 0.25, 2.8], "texture": "#0"},
				"west": {"uv": [0, 0, 0.25, 2.8], "texture": "#0"},
				"up": {"uv": [0, 0, 0.25, 2.8], "texture": "#0"},
				"down": {"uv": [0, 0, 0.25, 2.8], "texture": "#0"}
			}
		},
		{
			"name": "hexadecagon",
			"from": [11.40054, 1.3, 8.7],
			"to": [11.59946, 2.3, 11.4],
			"rotation": {"angle": -45, "axis": "z", "origin": [11.5, 1.8, 3.4]},
			"faces": {
				"north": {"uv": [0, 0, 1, 1], "texture": "#0"},
				"east": {"uv": [0, 0, 1, 1], "texture": "#0"},
				"south": {"uv": [0, 0, 1, 1], "texture": "#0"},
				"west": {"uv": [0, 0, 1, 1], "texture": "#0"},
				"up": {"uv": [0, 0, 1, 1], "texture": "#0"},
				"down": {"uv": [0, 0, 1, 1], "texture": "#0"}
			}
		},
		{
			"name": "hexadecagon",
			"from": [11.40054, 1.3, 8.7],
			"to": [11.59946, 2.3, 11.4],
			"rotation": {"angle": -22.5, "axis": "z", "origin": [11.5, 1.8, 3.4]},
			"faces": {
				"north": {"uv": [0, 0, 1, 1], "texture": "#0"},
				"east": {"uv": [0, 0, 1, 1], "texture": "#0"},
				"south": {"uv": [0, 0, 1, 1], "texture": "#0"},
				"west": {"uv": [0, 0, 1, 1], "texture": "#0"},
				"up": {"uv": [0, 0, 1, 1], "texture": "#0"},
				"down": {"uv": [0, 0, 1, 1], "texture": "#0"}
			}
		},
		{
			"name": "hexadecagon",
			"from": [11.40054, 1.3, 8.7],
			"to": [11.59946, 2.3, 11.4],
			"rotation": {"angle": 0, "axis": "y", "origin": [11.5, 1.8, 3.4]},
			"faces": {
				"north": {"uv": [0, 0, 1, 1], "texture": "#0"},
				"east": {"uv": [0, 0, 1, 1], "texture": "#0"},
				"south": {"uv": [0, 0, 1, 1], "texture": "#0"},
				"west": {"uv": [0, 0, 1, 1], "texture": "#0"},
				"up": {"uv": [0, 0, 1, 1], "texture": "#0"},
				"down": {"uv": [0, 0, 1, 1], "texture": "#0"}
			}
		},
		{
			"name": "hexadecagon",
			"from": [11.40054, 1.3, 8.7],
			"to": [11.59946, 2.3, 11.4],
			"rotation": {"angle": 22.5, "axis": "z", "origin": [11.5, 1.8, 3.4]},
			"faces": {
				"north": {"uv": [0, 0, 1, 1], "texture": "#0"},
				"east": {"uv": [0, 0, 1, 1], "texture": "#0"},
				"south": {"uv": [0, 0, 1, 1], "texture": "#0"},
				"west": {"uv": [0, 0, 1, 1], "texture": "#0"},
				"up": {"uv": [0, 0, 1, 1], "texture": "#0"},
				"down": {"uv": [0, 0, 1, 1], "texture": "#0"}
			}
		},
		{
			"name": "hexadecagon",
			"from": [11.40054, 1.3, 8.7],
			"to": [11.59946, 2.3, 11.4],
			"rotation": {"angle": 45, "axis": "z", "origin": [11.5, 1.8, 3.4]},
			"faces": {
				"north": {"uv": [0, 0, 1, 1], "texture": "#0"},
				"east": {"uv": [0, 0, 1, 1], "texture": "#0"},
				"south": {"uv": [0, 0, 1, 1], "texture": "#0"},
				"west": {"uv": [0, 0, 1, 1], "texture": "#0"},
				"up": {"uv": [0, 0, 1, 1], "texture": "#0"},
				"down": {"uv": [0, 0, 1, 1], "texture": "#0"}
			}
		},
		{
			"name": "hexadecagon",
			"from": [11, 1.70054, 8.7],
			"to": [12, 1.89946, 11.4],
			"rotation": {"angle": -22.5, "axis": "z", "origin": [11.5, 1.8, 3.4]},
			"faces": {
				"north": {"uv": [0, 0, 1, 1], "texture": "#0"},
				"east": {"uv": [0, 0, 1, 1], "texture": "#0"},
				"south": {"uv": [0, 0, 1, 1], "texture": "#0"},
				"west": {"uv": [0, 0, 1, 1], "texture": "#0"},
				"up": {"uv": [0, 0, 1, 1], "texture": "#0"},
				"down": {"uv": [0, 0, 1, 1], "texture": "#0"}
			}
		},
		{
			"name": "hexadecagon",
			"from": [11, 1.70054, 8.7],
			"to": [12, 1.89946, 11.4],
			"rotation": {"angle": 0, "axis": "y", "origin": [11.5, 1.8, 3.4]},
			"faces": {
				"north": {"uv": [0, 0, 1, 1], "texture": "#0"},
				"east": {"uv": [0, 0, 1, 1], "texture": "#0"},
				"south": {"uv": [0, 0, 1, 1], "texture": "#0"},
				"west": {"uv": [0, 0, 1, 1], "texture": "#0"},
				"up": {"uv": [0, 0, 1, 1], "texture": "#0"},
				"down": {"uv": [0, 0, 1, 1], "texture": "#0"}
			}
		},
		{
			"name": "hexadecagon",
			"from": [11, 1.70054, 8.7],
			"to": [12, 1.89946, 11.4],
			"rotation": {"angle": 22.5, "axis": "z", "origin": [11.5, 1.8, 3.4]},
			"faces": {
				"north": {"uv": [0, 0, 1, 1], "texture": "#0"},
				"east": {"uv": [0, 0, 1, 1], "texture": "#0"},
				"south": {"uv": [0, 0, 1, 1], "texture": "#0"},
				"west": {"uv": [0, 0, 1, 1], "texture": "#0"},
				"up": {"uv": [0, 0, 1, 1], "texture": "#0"},
				"down": {"uv": [0, 0, 1, 1], "texture": "#0"}
			}
		},
		{
			"from": [6.2, 3.7, 8.2],
			"to": [6.4, 5.1, 8.4],
			"rotation": {"angle": 22.5, "axis": "x", "origin": [6.3, 4.15, 8.1]},
			"faces": {
				"north": {"uv": [0.2, 0, 0.4, 1.4], "texture": "#1"},
				"east": {"uv": [0.2, 0, 0.4, 1.4], "texture": "#1"},
				"south": {"uv": [0.2, 0, 0.4, 1.4], "texture": "#1"},
				"west": {"uv": [0.2, 0, 0.4, 1.4], "texture": "#1"},
				"up": {"uv": [0.2, 0, 0.4, 1.4], "texture": "#1"},
				"down": {"uv": [0.2, 0, 0.4, 1.4], "texture": "#1"}
			}
		},
		{
			"from": [5.51255, 2.68674, 8.55],
			"to": [5.71255, 4.93674, 8.75],
			"rotation": {"angle": -45, "axis": "z", "origin": [5.93755, 4.12424, 8.65]},
			"faces": {
				"north": {"uv": [0.2, 0, 0.4, 2.25], "texture": "#1"},
				"east": {"uv": [0.2, 0, 0.4, 2.25], "texture": "#1"},
				"south": {"uv": [0.2, 0, 0.4, 2.25], "texture": "#1"},
				"west": {"uv": [0.2, 0, 0.4, 2.25], "texture": "#1"},
				"up": {"uv": [0.2, 0, 0.4, 2.25], "texture": "#1"},
				"down": {"uv": [0.2, 0, 0.4, 2.25], "texture": "#1"}
			}
		},
		{
			"from": [6.18677, 4.85808, 8.55],
			"to": [6.38677, 5.00808, 8.75],
			"rotation": {"angle": 0, "axis": "y", "origin": [5.48677, 4.13308, 8.65]},
			"faces": {
				"north": {"uv": [0.2, 0, 0.4, 0.15], "texture": "#1"},
				"east": {"uv": [0.2, 0, 0.4, 0.15], "texture": "#1"},
				"south": {"uv": [0.2, 0, 0.4, 0.15], "texture": "#1"},
				"west": {"uv": [0.2, 0, 0.4, 0.15], "texture": "#1"},
				"up": {"uv": [0.2, 0, 0.4, 0.15], "texture": "#1"},
				"down": {"uv": [0.2, 0, 0.4, 0.15], "texture": "#1"}
			}
		},
		{
			"from": [4.63755, 0.16174, 8.55],
			"to": [4.83755, 3.41174, 8.75],
			"rotation": {"angle": 0, "axis": "y", "origin": [5.61255, 3.81174, 8.65]},
			"faces": {
				"north": {"uv": [0.2, 0, 0.4, 3.25], "texture": "#1"},
				"east": {"uv": [0.2, 0, 0.4, 3.25], "texture": "#1"},
				"south": {"uv": [0.2, 0, 0.4, 3.25], "texture": "#1"},
				"west": {"uv": [0.2, 0, 0.4, 3.25], "texture": "#1"},
				"up": {"uv": [0.2, 0, 0.4, 3.25], "texture": "#1"},
				"down": {"uv": [0.2, 0, 0.4, 3.25], "texture": "#1"}
			}
		},
		{
			"from": [4.63755, 1.06174, 10.25],
			"to": [4.76255, 2.41174, 12.75],
			"rotation": {"angle": 0, "axis": "y", "origin": [5.61255, 3.81174, 8.65]},
			"faces": {
				"north": {"uv": [0.2, 0, 0.325, 1.35], "texture": "#0"},
				"east": {"uv": [0.2, 0, 0.325, 1.35], "texture": "#0"},
				"south": {"uv": [0.2, 0, 0.325, 1.35], "texture": "#0"},
				"west": {"uv": [0.2, 0, 0.325, 1.35], "texture": "#0"},
				"up": {"uv": [0.2, 0, 0.325, 1.35], "texture": "#0"},
				"down": {"uv": [0.2, 0, 0.325, 1.35], "texture": "#0"}
			}
		},
		{
			"from": [5.73755, -1.51326, 8.55],
			"to": [5.93755, -0.21326, 8.75],
			"rotation": {"angle": 45, "axis": "z", "origin": [4.73755, -1.36326, 8.65]},
			"faces": {
				"north": {"uv": [0.2, 0, 0.4, 1.3], "texture": "#1"},
				"east": {"uv": [0.2, 0, 0.4, 1.3], "texture": "#1"},
				"south": {"uv": [0.2, 0, 0.4, 1.3], "texture": "#1"},
				"west": {"uv": [0.2, 0, 0.4, 1.3], "texture": "#1"},
				"up": {"uv": [0.2, 0, 0.4, 1.3], "texture": "#1"},
				"down": {"uv": [0.2, 0, 0.4, 1.3], "texture": "#1"}
			}
		},
		{
			"from": [5.56411, -0.78418, 8.55],
			"to": [7.68911, -0.58418, 8.75],
			"rotation": {"angle": -22.5, "axis": "z", "origin": [5.63911, -0.70918, 8.65]},
			"faces": {
				"north": {"uv": [0.2, 0, 0.4, 2.125], "rotation": 270, "texture": "#1"},
				"east": {"uv": [0.2, 0, 0.4, 2.125], "rotation": 270, "texture": "#1"},
				"south": {"uv": [0.2, 0, 0.4, 2.125], "rotation": 270, "texture": "#1"},
				"west": {"uv": [0.2, 0, 0.4, 2.125], "rotation": 270, "texture": "#1"},
				"up": {"uv": [0.2, 0, 0.4, 2.125], "rotation": 270, "texture": "#1"},
				"down": {"uv": [0.2, 0, 0.4, 2.125], "rotation": 270, "texture": "#1"}
			}
		},
		{
			"from": [9.6, 3.7, 8.2],
			"to": [9.8, 5.175, 8.4],
			"rotation": {"angle": 22.5, "axis": "x", "origin": [9.7, 4.15, 8.1]},
			"faces": {
				"north": {"uv": [0, 0, 0.2, 1.475], "texture": "#1"},
				"east": {"uv": [0, 0, 0.2, 1.475], "texture": "#1"},
				"south": {"uv": [0, 0, 0.2, 1.475], "texture": "#1"},
				"west": {"uv": [0, 0, 0.2, 1.475], "texture": "#1"},
				"up": {"uv": [0, 0, 0.2, 1.475], "texture": "#1"},
				"down": {"uv": [0, 0, 0.2, 1.475], "texture": "#1"}
			}
		},
		{
			"from": [9.6, 2.4, 12],
			"to": [9.8, 4.8, 12.2],
			"rotation": {"angle": -45, "axis": "x", "origin": [9.7, 4.45, 11.7]},
			"faces": {
				"north": {"uv": [0, 0, 0.2, 2.4], "texture": "#1"},
				"east": {"uv": [0, 0, 0.2, 2.4], "texture": "#1"},
				"south": {"uv": [0, 0, 0.2, 2.4], "texture": "#1"},
				"west": {"uv": [0, 0, 0.2, 2.4], "texture": "#1"},
				"up": {"uv": [0, 0, 0.2, 2.4], "texture": "#1"},
				"down": {"uv": [0, 0, 0.2, 2.4], "texture": "#1"}
			}
		},
		{
			"from": [9.6, 4.85, 8.6],
			"to": [9.8, 5.05, 11.8],
			"rotation": {"angle": 0, "axis": "y", "origin": [9.7, 4.15, 8.1]},
			"faces": {
				"north": {"uv": [0, 0, 0.2, 0.2], "texture": "#1"},
				"east": {"uv": [0, 0, 0.2, 0.2], "texture": "#1"},
				"south": {"uv": [0, 0, 0.2, 0.2], "texture": "#1"},
				"west": {"uv": [0, 0, 0.2, 0.2], "texture": "#1"},
				"up": {"uv": [0, 0, 0.2, 0.2], "texture": "#1"},
				"down": {"uv": [0, 0, 0.2, 0.2], "texture": "#1"}
			}
		},
		{
			"from": [6.2, 4.85, 8.6],
			"to": [6.4, 5.05, 11.8],
			"rotation": {"angle": 0, "axis": "y", "origin": [6.3, 4.15, 8.1]},
			"faces": {
				"north": {"uv": [0.2, 0, 0, 0.2], "texture": "#1"},
				"east": {"uv": [0.2, 0, 0, 0.2], "texture": "#1"},
				"south": {"uv": [0.2, 0, 0, 0.2], "texture": "#1"},
				"west": {"uv": [0.2, 0, 0, 0.2], "texture": "#1"},
				"up": {"uv": [0.2, 0, 0, 0.2], "texture": "#1"},
				"down": {"uv": [0.2, 0, 0, 0.2], "texture": "#1"}
			}
		},
		{
			"from": [6.2, 2.4, 12],
			"to": [6.4, 4.8, 12.2],
			"rotation": {"angle": -45, "axis": "x", "origin": [6.3, 4.45, 11.7]},
			"faces": {
				"north": {"uv": [0.2, 0, 0, 2.4], "texture": "#1"},
				"east": {"uv": [0.2, 0, 0, 2.4], "texture": "#1"},
				"south": {"uv": [0.2, 0, 0, 2.4], "texture": "#1"},
				"west": {"uv": [0.2, 0, 0, 2.4], "texture": "#1"},
				"up": {"uv": [0.2, 0, 0, 2.4], "texture": "#1"},
				"down": {"uv": [0.2, 0, 0, 2.4], "texture": "#1"}
			}
		},
		{
			"from": [6.2, 3.4, 8],
			"to": [9.8, 4.1, 8.2],
			"rotation": {"angle": 0, "axis": "y", "origin": [7.8, 0, 7]},
			"faces": {
				"north": {"uv": [0, 0, 3.6, 0.7], "texture": "#1"},
				"east": {"uv": [0, 0, 3.6, 0.7], "texture": "#1"},
				"south": {"uv": [0, 0, 3.6, 0.7], "texture": "#1"},
				"west": {"uv": [0, 0, 3.6, 0.7], "texture": "#1"},
				"up": {"uv": [0, 0, 3.6, 0.7], "texture": "#1"},
				"down": {"uv": [0, 0, 3.6, 0.7], "texture": "#1"}
			}
		},
		{
			"from": [7, 2.8, 8],
			"to": [9, 3.5, 14.45],
			"rotation": {"angle": 0, "axis": "y", "origin": [7, 0, 7]},
			"faces": {
				"north": {"uv": [0, 0, 2, 0.7], "texture": "#1"},
				"east": {"uv": [0, 0, 2, 0.7], "texture": "#1"},
				"south": {"uv": [0, 0, 2, 0.7], "texture": "#1"},
				"west": {"uv": [0, 0, 2, 0.7], "texture": "#1"},
				"up": {"uv": [0, 0, 2, 0.7], "texture": "#1"},
				"down": {"uv": [0, 0, 2, 0.7], "texture": "#1"}
			}
		},
		{
			"from": [7, -0.3, 13.7],
			"to": [9, 0.4, 14.45],
			"rotation": {"angle": 0, "axis": "y", "origin": [7, 0, 7]},
			"faces": {
				"north": {"uv": [0, 0, 2, 0.7], "texture": "#1"},
				"east": {"uv": [0, 0, 2, 0.7], "texture": "#1"},
				"south": {"uv": [0, 0, 2, 0.7], "texture": "#1"},
				"west": {"uv": [0, 0, 2, 0.7], "texture": "#1"},
				"up": {"uv": [0, 0, 2, 0.7], "texture": "#1"},
				"down": {"uv": [0, 0, 2, 0.7], "texture": "#1"}
			}
		},
		{
			"from": [7.65, 3.3, 14.6],
			"to": [8.35, 4.7, 15.2],
			"rotation": {"angle": 0, "axis": "y", "origin": [7.65, 0.3, 1.4]},
			"faces": {
				"north": {"uv": [0, 0, 0.7, 1.4], "texture": "#1"},
				"east": {"uv": [0, 0, 0.7, 1.4], "texture": "#1"},
				"south": {"uv": [0, 0, 0.7, 1.4], "texture": "#1"},
				"west": {"uv": [0, 0, 0.7, 1.4], "texture": "#1"},
				"up": {"uv": [0, 0, 0.7, 1.4], "texture": "#1"},
				"down": {"uv": [0, 0, 0.7, 1.4], "texture": "#1"}
			}
		},
		{
			"from": [7.65, 3.575, 14.575],
			"to": [8.35, 4.975, 15.175],
			"rotation": {"angle": 0, "axis": "y", "origin": [7.65, 0.3, 1.4]},
			"faces": {
				"north": {"uv": [0, 0, 0.7, 1.4], "texture": "#1"},
				"east": {"uv": [0, 0, 0.7, 1.4], "texture": "#1"},
				"south": {"uv": [0, 0, 0.7, 1.4], "texture": "#1"},
				"west": {"uv": [0, 0, 0.7, 1.4], "texture": "#1"},
				"up": {"uv": [0, 0, 0.7, 1.4], "texture": "#1"},
				"down": {"uv": [0, 0, 0.7, 1.4], "texture": "#1"}
			}
		},
		{
			"from": [7.65, 4, 14.55],
			"to": [8.35, 5.15, 15.15],
			"rotation": {"angle": 0, "axis": "y", "origin": [7.65, 0.3, 1.4]},
			"faces": {
				"north": {"uv": [0, 0, 0.7, 1.15], "texture": "#1"},
				"east": {"uv": [0, 0, 0.7, 1.15], "texture": "#1"},
				"south": {"uv": [0, 0, 0.7, 1.15], "texture": "#1"},
				"west": {"uv": [0, 0, 0.7, 1.15], "texture": "#1"},
				"up": {"uv": [0, 0, 0.7, 1.15], "texture": "#1"},
				"down": {"uv": [0, 0, 0.7, 1.15], "texture": "#1"}
			}
		},
		{
			"from": [7.65, 4.425, 14.525],
			"to": [8.35, 5.375, 15.05],
			"rotation": {"angle": 0, "axis": "y", "origin": [7.65, 0.3, 1.4]},
			"faces": {
				"north": {"uv": [0, 0, 0.7, 0.95], "texture": "#1"},
				"east": {"uv": [0, 0, 0.7, 0.95], "texture": "#1"},
				"south": {"uv": [0, 0, 0.7, 0.95], "texture": "#1"},
				"west": {"uv": [0, 0, 0.7, 0.95], "texture": "#1"},
				"up": {"uv": [0, 0, 0.7, 0.95], "texture": "#1"},
				"down": {"uv": [0, 0, 0.7, 0.95], "texture": "#1"}
			}
		},
		{
			"from": [7.65, 4.975, 14.625],
			"to": [8.35, 6.25, 15.125],
			"rotation": {"angle": -22.5, "axis": "x", "origin": [8, 5.125, 14.75]},
			"faces": {
				"north": {"uv": [0, 0, 0.7, 1.275], "texture": "#1"},
				"east": {"uv": [0, 0, 0.7, 1.275], "texture": "#1"},
				"south": {"uv": [0, 0, 0.7, 1.275], "texture": "#1"},
				"west": {"uv": [0, 0, 0.7, 1.275], "texture": "#1"},
				"up": {"uv": [0, 0, 0.7, 1.275], "texture": "#1"},
				"down": {"uv": [0, 0, 0.7, 1.275], "texture": "#1"}
			}
		},
		{
			"from": [7.85, 5.375, 14.525],
			"to": [8.15, 5.95, 14.625],
			"rotation": {"angle": -22.5, "axis": "x", "origin": [8.2, 5.125, 14.75]},
			"faces": {
				"north": {"uv": [0, 0, 0.3, 0.575], "texture": "#2"},
				"east": {"uv": [0, 0, 0.3, 0.575], "texture": "#2"},
				"south": {"uv": [0, 0, 0.3, 0.575], "texture": "#2"},
				"west": {"uv": [0, 0, 0.3, 0.575], "texture": "#2"},
				"up": {"uv": [0, 0, 0.3, 0.575], "texture": "#2"},
				"down": {"uv": [0, 0, 0.3, 0.575], "texture": "#2"}
			}
		},
		{
			"name": "hexadecagon",
			"from": [9.35027, 1.625, -8.1],
			"to": [9.44973, 2.125, 7.9],
			"rotation": {"angle": -45, "axis": "z", "origin": [9.4, 1.875, -0.1]},
			"faces": {
				"north": {"uv": [0, 0, 1, 1], "texture": "#0"},
				"east": {"uv": [0, 0, 1, 1], "texture": "#0"},
				"south": {"uv": [0, 0, 1, 1], "texture": "#0"},
				"west": {"uv": [0, 0, 1, 1], "texture": "#0"},
				"up": {"uv": [0, 0, 1, 1], "texture": "#0"},
				"down": {"uv": [0, 0, 1, 1], "texture": "#0"}
			}
		},
		{
			"name": "hexadecagon",
			"from": [9.35027, 1.625, -8.1],
			"to": [9.44973, 2.125, 7.9],
			"rotation": {"angle": -22.5, "axis": "z", "origin": [9.4, 1.875, -0.1]},
			"faces": {
				"north": {"uv": [0, 0, 1, 1], "texture": "#0"},
				"east": {"uv": [0, 0, 1, 1], "texture": "#0"},
				"south": {"uv": [0, 0, 1, 1], "texture": "#0"},
				"west": {"uv": [0, 0, 1, 1], "texture": "#0"},
				"up": {"uv": [0, 0, 1, 1], "texture": "#0"},
				"down": {"uv": [0, 0, 1, 1], "texture": "#0"}
			}
		},
		{
			"name": "hexadecagon",
			"from": [9.35027, 1.625, -8.1],
			"to": [9.44973, 2.125, 7.9],
			"rotation": {"angle": 0, "axis": "y", "origin": [9.4, 1.875, -0.1]},
			"faces": {
				"north": {"uv": [0, 0, 1, 1], "texture": "#0"},
				"east": {"uv": [0, 0, 1, 1], "texture": "#0"},
				"south": {"uv": [0, 0, 1, 1], "texture": "#0"},
				"west": {"uv": [0, 0, 1, 1], "texture": "#0"},
				"up": {"uv": [0, 0, 1, 1], "texture": "#0"},
				"down": {"uv": [0, 0, 1, 1], "texture": "#0"}
			}
		},
		{
			"name": "hexadecagon",
			"from": [9.35027, 1.625, -8.1],
			"to": [9.44973, 2.125, 7.9],
			"rotation": {"angle": 22.5, "axis": "z", "origin": [9.4, 1.875, -0.1]},
			"faces": {
				"north": {"uv": [0, 0, 1, 1], "texture": "#0"},
				"east": {"uv": [0, 0, 1, 1], "texture": "#0"},
				"south": {"uv": [0, 0, 1, 1], "texture": "#0"},
				"west": {"uv": [0, 0, 1, 1], "texture": "#0"},
				"up": {"uv": [0, 0, 1, 1], "texture": "#0"},
				"down": {"uv": [0, 0, 1, 1], "texture": "#0"}
			}
		},
		{
			"name": "hexadecagon",
			"from": [9.35027, 1.625, -8.1],
			"to": [9.44973, 2.125, 7.9],
			"rotation": {"angle": 45, "axis": "z", "origin": [9.4, 1.875, -0.1]},
			"faces": {
				"north": {"uv": [0, 0, 1, 1], "texture": "#0"},
				"east": {"uv": [0, 0, 1, 1], "texture": "#0"},
				"south": {"uv": [0, 0, 1, 1], "texture": "#0"},
				"west": {"uv": [0, 0, 1, 1], "texture": "#0"},
				"up": {"uv": [0, 0, 1, 1], "texture": "#0"},
				"down": {"uv": [0, 0, 1, 1], "texture": "#0"}
			}
		},
		{
			"name": "hexadecagon",
			"from": [9.15, 1.82527, -8.1],
			"to": [9.65, 1.92473, 7.9],
			"rotation": {"angle": -22.5, "axis": "z", "origin": [9.4, 1.875, -0.1]},
			"faces": {
				"north": {"uv": [0, 0, 1, 1], "texture": "#0"},
				"east": {"uv": [0, 0, 1, 1], "texture": "#0"},
				"south": {"uv": [0, 0, 1, 1], "texture": "#0"},
				"west": {"uv": [0, 0, 1, 1], "texture": "#0"},
				"up": {"uv": [0, 0, 1, 1], "texture": "#0"},
				"down": {"uv": [0, 0, 1, 1], "texture": "#0"}
			}
		},
		{
			"name": "hexadecagon",
			"from": [9.15, 1.82527, -8.1],
			"to": [9.65, 1.92473, 7.9],
			"rotation": {"angle": 0, "axis": "y", "origin": [9.4, 1.875, -0.1]},
			"faces": {
				"north": {"uv": [0, 0, 1, 1], "texture": "#0"},
				"east": {"uv": [0, 0, 1, 1], "texture": "#0"},
				"south": {"uv": [0, 0, 1, 1], "texture": "#0"},
				"west": {"uv": [0, 0, 1, 1], "texture": "#0"},
				"up": {"uv": [0, 0, 1, 1], "texture": "#0"},
				"down": {"uv": [0, 0, 1, 1], "texture": "#0"}
			}
		},
		{
			"name": "hexadecagon",
			"from": [9.15, 1.82527, -8.1],
			"to": [9.65, 1.92473, 7.9],
			"rotation": {"angle": 22.5, "axis": "z", "origin": [9.4, 1.875, -0.1]},
			"faces": {
				"north": {"uv": [0, 0, 1, 1], "texture": "#0"},
				"east": {"uv": [0, 0, 1, 1], "texture": "#0"},
				"south": {"uv": [0, 0, 1, 1], "texture": "#0"},
				"west": {"uv": [0, 0, 1, 1], "texture": "#0"},
				"up": {"uv": [0, 0, 1, 1], "texture": "#0"},
				"down": {"uv": [0, 0, 1, 1], "texture": "#0"}
			}
		},
		{
			"name": "hexadecagon",
			"from": [6.55027, 1.625, -8.1],
			"to": [6.64973, 2.125, 7.9],
			"rotation": {"angle": 45, "axis": "z", "origin": [6.6, 1.875, -0.1]},
			"faces": {
				"north": {"uv": [1, 0, 0, 1], "texture": "#0"},
				"east": {"uv": [1, 0, 0, 1], "texture": "#0"},
				"south": {"uv": [1, 0, 0, 1], "texture": "#0"},
				"west": {"uv": [1, 0, 0, 1], "texture": "#0"},
				"up": {"uv": [1, 0, 0, 1], "texture": "#0"},
				"down": {"uv": [1, 0, 0, 1], "texture": "#0"}
			}
		},
		{
			"name": "hexadecagon",
			"from": [6.55027, 1.625, -8.1],
			"to": [6.64973, 2.125, 7.9],
			"rotation": {"angle": 22.5, "axis": "z", "origin": [6.6, 1.875, -0.1]},
			"faces": {
				"north": {"uv": [1, 0, 0, 1], "texture": "#0"},
				"east": {"uv": [1, 0, 0, 1], "texture": "#0"},
				"south": {"uv": [1, 0, 0, 1], "texture": "#0"},
				"west": {"uv": [1, 0, 0, 1], "texture": "#0"},
				"up": {"uv": [1, 0, 0, 1], "texture": "#0"},
				"down": {"uv": [1, 0, 0, 1], "texture": "#0"}
			}
		},
		{
			"name": "hexadecagon",
			"from": [6.55027, 1.625, -8.1],
			"to": [6.64973, 2.125, 7.9],
			"rotation": {"angle": 0, "axis": "y", "origin": [6.6, 1.875, -0.1]},
			"faces": {
				"north": {"uv": [1, 0, 0, 1], "texture": "#0"},
				"east": {"uv": [1, 0, 0, 1], "texture": "#0"},
				"south": {"uv": [1, 0, 0, 1], "texture": "#0"},
				"west": {"uv": [1, 0, 0, 1], "texture": "#0"},
				"up": {"uv": [1, 0, 0, 1], "texture": "#0"},
				"down": {"uv": [1, 0, 0, 1], "texture": "#0"}
			}
		},
		{
			"name": "hexadecagon",
			"from": [6.55027, 1.625, -8.1],
			"to": [6.64973, 2.125, 7.9],
			"rotation": {"angle": -22.5, "axis": "z", "origin": [6.6, 1.875, -0.1]},
			"faces": {
				"north": {"uv": [1, 0, 0, 1], "texture": "#0"},
				"east": {"uv": [1, 0, 0, 1], "texture": "#0"},
				"south": {"uv": [1, 0, 0, 1], "texture": "#0"},
				"west": {"uv": [1, 0, 0, 1], "texture": "#0"},
				"up": {"uv": [1, 0, 0, 1], "texture": "#0"},
				"down": {"uv": [1, 0, 0, 1], "texture": "#0"}
			}
		},
		{
			"name": "hexadecagon",
			"from": [6.55027, 1.625, -8.1],
			"to": [6.64973, 2.125, 7.9],
			"rotation": {"angle": -45, "axis": "z", "origin": [6.6, 1.875, -0.1]},
			"faces": {
				"north": {"uv": [1, 0, 0, 1], "texture": "#0"},
				"east": {"uv": [1, 0, 0, 1], "texture": "#0"},
				"south": {"uv": [1, 0, 0, 1], "texture": "#0"},
				"west": {"uv": [1, 0, 0, 1], "texture": "#0"},
				"up": {"uv": [1, 0, 0, 1], "texture": "#0"},
				"down": {"uv": [1, 0, 0, 1], "texture": "#0"}
			}
		},
		{
			"name": "hexadecagon",
			"from": [6.35, 1.82527, -8.1],
			"to": [6.85, 1.92473, 7.9],
			"rotation": {"angle": 22.5, "axis": "z", "origin": [6.6, 1.875, -0.1]},
			"faces": {
				"north": {"uv": [1, 0, 0, 1], "texture": "#0"},
				"east": {"uv": [1, 0, 0, 1], "texture": "#0"},
				"south": {"uv": [1, 0, 0, 1], "texture": "#0"},
				"west": {"uv": [1, 0, 0, 1], "texture": "#0"},
				"up": {"uv": [1, 0, 0, 1], "texture": "#0"},
				"down": {"uv": [1, 0, 0, 1], "texture": "#0"}
			}
		},
		{
			"name": "hexadecagon",
			"from": [6.35, 1.82527, -8.1],
			"to": [6.85, 1.92473, 7.9],
			"rotation": {"angle": 0, "axis": "y", "origin": [6.6, 1.875, -0.1]},
			"faces": {
				"north": {"uv": [1, 0, 0, 1], "texture": "#0"},
				"east": {"uv": [1, 0, 0, 1], "texture": "#0"},
				"south": {"uv": [1, 0, 0, 1], "texture": "#0"},
				"west": {"uv": [1, 0, 0, 1], "texture": "#0"},
				"up": {"uv": [1, 0, 0, 1], "texture": "#0"},
				"down": {"uv": [1, 0, 0, 1], "texture": "#0"}
			}
		},
		{
			"name": "hexadecagon",
			"from": [6.35, 1.82527, -8.1],
			"to": [6.85, 1.92473, 7.9],
			"rotation": {"angle": -22.5, "axis": "z", "origin": [6.6, 1.875, -0.1]},
			"faces": {
				"north": {"uv": [1, 0, 0, 1], "texture": "#0"},
				"east": {"uv": [1, 0, 0, 1], "texture": "#0"},
				"south": {"uv": [1, 0, 0, 1], "texture": "#0"},
				"west": {"uv": [1, 0, 0, 1], "texture": "#0"},
				"up": {"uv": [1, 0, 0, 1], "texture": "#0"},
				"down": {"uv": [1, 0, 0, 1], "texture": "#0"}
			}
		},
		{
			"name": "hexadecagon",
			"from": [7.95027, 0.325, -8.1],
			"to": [8.04973, 0.825, 7.9],
			"rotation": {"angle": 45, "axis": "z", "origin": [8, 0.575, -0.1]},
			"faces": {
				"north": {"uv": [1, 0, 0, 1], "texture": "#0"},
				"east": {"uv": [1, 0, 0, 1], "texture": "#0"},
				"south": {"uv": [1, 0, 0, 1], "texture": "#0"},
				"west": {"uv": [1, 0, 0, 1], "texture": "#0"},
				"up": {"uv": [1, 0, 0, 1], "texture": "#0"},
				"down": {"uv": [1, 0, 0, 1], "texture": "#0"}
			}
		},
		{
			"name": "hexadecagon",
			"from": [7.95027, 0.325, -8.1],
			"to": [8.04973, 0.825, 7.9],
			"rotation": {"angle": 22.5, "axis": "z", "origin": [8, 0.575, -0.1]},
			"faces": {
				"north": {"uv": [1, 0, 0, 1], "texture": "#0"},
				"east": {"uv": [1, 0, 0, 1], "texture": "#0"},
				"south": {"uv": [1, 0, 0, 1], "texture": "#0"},
				"west": {"uv": [1, 0, 0, 1], "texture": "#0"},
				"up": {"uv": [1, 0, 0, 1], "texture": "#0"},
				"down": {"uv": [1, 0, 0, 1], "texture": "#0"}
			}
		},
		{
			"name": "hexadecagon",
			"from": [7.95027, 0.325, -8.1],
			"to": [8.04973, 0.825, 7.9],
			"rotation": {"angle": 0, "axis": "y", "origin": [8, 0.575, -0.1]},
			"faces": {
				"north": {"uv": [1, 0, 0, 1], "texture": "#0"},
				"east": {"uv": [1, 0, 0, 1], "texture": "#0"},
				"south": {"uv": [1, 0, 0, 1], "texture": "#0"},
				"west": {"uv": [1, 0, 0, 1], "texture": "#0"},
				"up": {"uv": [1, 0, 0, 1], "texture": "#0"},
				"down": {"uv": [1, 0, 0, 1], "texture": "#0"}
			}
		},
		{
			"name": "hexadecagon",
			"from": [7.95027, 0.325, -8.1],
			"to": [8.04973, 0.825, 7.9],
			"rotation": {"angle": -22.5, "axis": "z", "origin": [8, 0.575, -0.1]},
			"faces": {
				"north": {"uv": [1, 0, 0, 1], "texture": "#0"},
				"east": {"uv": [1, 0, 0, 1], "texture": "#0"},
				"south": {"uv": [1, 0, 0, 1], "texture": "#0"},
				"west": {"uv": [1, 0, 0, 1], "texture": "#0"},
				"up": {"uv": [1, 0, 0, 1], "texture": "#0"},
				"down": {"uv": [1, 0, 0, 1], "texture": "#0"}
			}
		},
		{
			"name": "hexadecagon",
			"from": [7.95027, 0.325, -8.1],
			"to": [8.04973, 0.825, 7.9],
			"rotation": {"angle": -45, "axis": "z", "origin": [8, 0.575, -0.1]},
			"faces": {
				"north": {"uv": [1, 0, 0, 1], "texture": "#0"},
				"east": {"uv": [1, 0, 0, 1], "texture": "#0"},
				"south": {"uv": [1, 0, 0, 1], "texture": "#0"},
				"west": {"uv": [1, 0, 0, 1], "texture": "#0"},
				"up": {"uv": [1, 0, 0, 1], "texture": "#0"},
				"down": {"uv": [1, 0, 0, 1], "texture": "#0"}
			}
		},
		{
			"name": "hexadecagon",
			"from": [7.75, 0.52527, -8.1],
			"to": [8.25, 0.62473, 7.9],
			"rotation": {"angle": 22.5, "axis": "z", "origin": [8, 0.575, -0.1]},
			"faces": {
				"north": {"uv": [1, 0, 0, 1], "texture": "#0"},
				"east": {"uv": [1, 0, 0, 1], "texture": "#0"},
				"south": {"uv": [1, 0, 0, 1], "texture": "#0"},
				"west": {"uv": [1, 0, 0, 1], "texture": "#0"},
				"up": {"uv": [1, 0, 0, 1], "texture": "#0"},
				"down": {"uv": [1, 0, 0, 1], "texture": "#0"}
			}
		},
		{
			"name": "hexadecagon",
			"from": [7.75, 0.52527, -8.1],
			"to": [8.25, 0.62473, 7.9],
			"rotation": {"angle": 0, "axis": "y", "origin": [8, 0.575, -0.1]},
			"faces": {
				"north": {"uv": [1, 0, 0, 1], "texture": "#0"},
				"east": {"uv": [1, 0, 0, 1], "texture": "#0"},
				"south": {"uv": [1, 0, 0, 1], "texture": "#0"},
				"west": {"uv": [1, 0, 0, 1], "texture": "#0"},
				"up": {"uv": [1, 0, 0, 1], "texture": "#0"},
				"down": {"uv": [1, 0, 0, 1], "texture": "#0"}
			}
		},
		{
			"name": "hexadecagon",
			"from": [7.75, 0.52527, -8.1],
			"to": [8.25, 0.62473, 7.9],
			"rotation": {"angle": -22.5, "axis": "z", "origin": [8, 0.575, -0.1]},
			"faces": {
				"north": {"uv": [1, 0, 0, 1], "texture": "#0"},
				"east": {"uv": [1, 0, 0, 1], "texture": "#0"},
				"south": {"uv": [1, 0, 0, 1], "texture": "#0"},
				"west": {"uv": [1, 0, 0, 1], "texture": "#0"},
				"up": {"uv": [1, 0, 0, 1], "texture": "#0"},
				"down": {"uv": [1, 0, 0, 1], "texture": "#0"}
			}
		},
		{
			"name": "hexadecagon",
			"from": [7.95027, 2.95, -8.1],
			"to": [8.04973, 3.45, 7.9],
			"rotation": {"angle": 45, "axis": "z", "origin": [8, 3.2, -0.1]},
			"faces": {
				"north": {"uv": [1, 0, 0, 1], "texture": "#0"},
				"east": {"uv": [1, 0, 0, 1], "texture": "#0"},
				"south": {"uv": [1, 0, 0, 1], "texture": "#0"},
				"west": {"uv": [1, 0, 0, 1], "texture": "#0"},
				"up": {"uv": [1, 0, 0, 1], "texture": "#0"},
				"down": {"uv": [1, 0, 0, 1], "texture": "#0"}
			}
		},
		{
			"name": "hexadecagon",
			"from": [7.95027, 2.95, -8.1],
			"to": [8.04973, 3.45, 7.9],
			"rotation": {"angle": 22.5, "axis": "z", "origin": [8, 3.2, -0.1]},
			"faces": {
				"north": {"uv": [1, 0, 0, 1], "texture": "#0"},
				"east": {"uv": [1, 0, 0, 1], "texture": "#0"},
				"south": {"uv": [1, 0, 0, 1], "texture": "#0"},
				"west": {"uv": [1, 0, 0, 1], "texture": "#0"},
				"up": {"uv": [1, 0, 0, 1], "texture": "#0"},
				"down": {"uv": [1, 0, 0, 1], "texture": "#0"}
			}
		},
		{
			"name": "hexadecagon",
			"from": [7.95027, 2.95, -8.1],
			"to": [8.04973, 3.45, 7.9],
			"rotation": {"angle": 0, "axis": "y", "origin": [8, 3.2, -0.1]},
			"faces": {
				"north": {"uv": [1, 0, 0, 1], "texture": "#0"},
				"east": {"uv": [1, 0, 0, 1], "texture": "#0"},
				"south": {"uv": [1, 0, 0, 1], "texture": "#0"},
				"west": {"uv": [1, 0, 0, 1], "texture": "#0"},
				"up": {"uv": [1, 0, 0, 1], "texture": "#0"},
				"down": {"uv": [1, 0, 0, 1], "texture": "#0"}
			}
		},
		{
			"name": "hexadecagon",
			"from": [7.95027, 2.95, -8.1],
			"to": [8.04973, 3.45, 7.9],
			"rotation": {"angle": -22.5, "axis": "z", "origin": [8, 3.2, -0.1]},
			"faces": {
				"north": {"uv": [1, 0, 0, 1], "texture": "#0"},
				"east": {"uv": [1, 0, 0, 1], "texture": "#0"},
				"south": {"uv": [1, 0, 0, 1], "texture": "#0"},
				"west": {"uv": [1, 0, 0, 1], "texture": "#0"},
				"up": {"uv": [1, 0, 0, 1], "texture": "#0"},
				"down": {"uv": [1, 0, 0, 1], "texture": "#0"}
			}
		},
		{
			"name": "hexadecagon",
			"from": [7.95027, 2.95, -8.1],
			"to": [8.04973, 3.45, 7.9],
			"rotation": {"angle": -45, "axis": "z", "origin": [8, 3.2, -0.1]},
			"faces": {
				"north": {"uv": [1, 0, 0, 1], "texture": "#0"},
				"east": {"uv": [1, 0, 0, 1], "texture": "#0"},
				"south": {"uv": [1, 0, 0, 1], "texture": "#0"},
				"west": {"uv": [1, 0, 0, 1], "texture": "#0"},
				"up": {"uv": [1, 0, 0, 1], "texture": "#0"},
				"down": {"uv": [1, 0, 0, 1], "texture": "#0"}
			}
		},
		{
			"name": "hexadecagon",
			"from": [7.75, 3.15027, -8.1],
			"to": [8.25, 3.24973, 7.9],
			"rotation": {"angle": 22.5, "axis": "z", "origin": [8, 3.2, -0.1]},
			"faces": {
				"north": {"uv": [1, 0, 0, 1], "texture": "#0"},
				"east": {"uv": [1, 0, 0, 1], "texture": "#0"},
				"south": {"uv": [1, 0, 0, 1], "texture": "#0"},
				"west": {"uv": [1, 0, 0, 1], "texture": "#0"},
				"up": {"uv": [1, 0, 0, 1], "texture": "#0"},
				"down": {"uv": [1, 0, 0, 1], "texture": "#0"}
			}
		},
		{
			"name": "hexadecagon",
			"from": [7.75, 3.15027, -8.1],
			"to": [8.25, 3.24973, 7.9],
			"rotation": {"angle": 0, "axis": "y", "origin": [8, 3.2, -0.1]},
			"faces": {
				"north": {"uv": [1, 0, 0, 1], "texture": "#0"},
				"east": {"uv": [1, 0, 0, 1], "texture": "#0"},
				"south": {"uv": [1, 0, 0, 1], "texture": "#0"},
				"west": {"uv": [1, 0, 0, 1], "texture": "#0"},
				"up": {"uv": [1, 0, 0, 1], "texture": "#0"},
				"down": {"uv": [1, 0, 0, 1], "texture": "#0"}
			}
		},
		{
			"name": "hexadecagon",
			"from": [7.75, 3.15027, -8.1],
			"to": [8.25, 3.24973, 7.9],
			"rotation": {"angle": -22.5, "axis": "z", "origin": [8, 3.2, -0.1]},
			"faces": {
				"north": {"uv": [1, 0, 0, 1], "texture": "#0"},
				"east": {"uv": [1, 0, 0, 1], "texture": "#0"},
				"south": {"uv": [1, 0, 0, 1], "texture": "#0"},
				"west": {"uv": [1, 0, 0, 1], "texture": "#0"},
				"up": {"uv": [1, 0, 0, 1], "texture": "#0"},
				"down": {"uv": [1, 0, 0, 1], "texture": "#0"}
			}
		},
		{
			"from": [7.6, 0, 3.2],
			"to": [8.4, 3.8, 3.3],
			"rotation": {"angle": 22.5, "axis": "z", "origin": [8, 1.9, 3.25]},
			"faces": {
				"north": {"uv": [0, 0, 0.8, 3.8], "texture": "#1"},
				"east": {"uv": [0, 0, 0.8, 3.8], "texture": "#1"},
				"south": {"uv": [0, 0, 0.8, 3.8], "texture": "#1"},
				"west": {"uv": [0, 0, 0.8, 3.8], "texture": "#1"},
				"up": {"uv": [0, 0, 0.8, 3.8], "texture": "#1"},
				"down": {"uv": [0, 0, 0.8, 3.8], "texture": "#1"}
			}
		},
		{
			"from": [7.6, 0, 3.2],
			"to": [8.4, 3.8, 3.3],
			"rotation": {"angle": 45, "axis": "z", "origin": [8, 1.9, 3.25]},
			"faces": {
				"north": {"uv": [0, 0, 0.8, 3.8], "texture": "#1"},
				"east": {"uv": [0, 0, 0.8, 3.8], "texture": "#1"},
				"south": {"uv": [0, 0, 0.8, 3.8], "texture": "#1"},
				"west": {"uv": [0, 0, 0.8, 3.8], "texture": "#1"},
				"up": {"uv": [0, 0, 0.8, 3.8], "texture": "#1"},
				"down": {"uv": [0, 0, 0.8, 3.8], "texture": "#1"}
			}
		},
		{
			"from": [6.1, 1.5, 3.2],
			"to": [9.9, 2.3, 3.3],
			"rotation": {"angle": 0, "axis": "y", "origin": [8, 1.9, 3.25]},
			"faces": {
				"north": {"uv": [0, 0, 0.8, 3.8], "rotation": 270, "texture": "#1"},
				"east": {"uv": [0, 0, 0.8, 3.8], "rotation": 270, "texture": "#1"},
				"south": {"uv": [0, 0, 0.8, 3.8], "rotation": 270, "texture": "#1"},
				"west": {"uv": [0, 0, 0.8, 3.8], "rotation": 270, "texture": "#1"},
				"up": {"uv": [0, 0, 0.8, 3.8], "rotation": 270, "texture": "#1"},
				"down": {"uv": [0, 0, 0.8, 3.8], "rotation": 270, "texture": "#1"}
			}
		},
		{
			"from": [6.1, 1.5, 3.2],
			"to": [9.9, 2.3, 3.3],
			"rotation": {"angle": -22.5, "axis": "z", "origin": [8, 1.9, 3.25]},
			"faces": {
				"north": {"uv": [0, 0, 0.8, 3.8], "rotation": 270, "texture": "#1"},
				"east": {"uv": [0, 0, 0.8, 3.8], "rotation": 270, "texture": "#1"},
				"south": {"uv": [0, 0, 0.8, 3.8], "rotation": 270, "texture": "#1"},
				"west": {"uv": [0, 0, 0.8, 3.8], "rotation": 270, "texture": "#1"},
				"up": {"uv": [0, 0, 0.8, 3.8], "rotation": 270, "texture": "#1"},
				"down": {"uv": [0, 0, 0.8, 3.8], "rotation": 270, "texture": "#1"}
			}
		},
		{
			"from": [6.1, 1.5, 3.2],
			"to": [9.9, 2.3, 3.3],
			"rotation": {"angle": 22.5, "axis": "z", "origin": [8, 1.9, 3.25]},
			"faces": {
				"north": {"uv": [0, 0, 0.8, 3.8], "rotation": 90, "texture": "#1"},
				"east": {"uv": [0, 0, 0.8, 3.8], "rotation": 90, "texture": "#1"},
				"south": {"uv": [0, 0, 0.8, 3.8], "rotation": 90, "texture": "#1"},
				"west": {"uv": [0, 0, 0.8, 3.8], "rotation": 90, "texture": "#1"},
				"up": {"uv": [0, 0, 0.8, 3.8], "rotation": 90, "texture": "#1"},
				"down": {"uv": [0, 0, 0.8, 3.8], "rotation": 90, "texture": "#1"}
			}
		},
		{
			"from": [7.6, 0, 3.2],
			"to": [8.4, 3.8, 3.3],
			"rotation": {"angle": -45, "axis": "z", "origin": [8, 1.9, 3.25]},
			"faces": {
				"north": {"uv": [0, 0, 0.8, 3.8], "texture": "#1"},
				"east": {"uv": [0, 0, 0.8, 3.8], "texture": "#1"},
				"south": {"uv": [0, 0, 0.8, 3.8], "texture": "#1"},
				"west": {"uv": [0, 0, 0.8, 3.8], "texture": "#1"},
				"up": {"uv": [0, 0, 0.8, 3.8], "texture": "#1"},
				"down": {"uv": [0, 0, 0.8, 3.8], "texture": "#1"}
			}
		},
		{
			"from": [7.6, 0, 3.2],
			"to": [8.4, 3.8, 3.3],
			"rotation": {"angle": -22.5, "axis": "z", "origin": [8, 1.9, 3.25]},
			"faces": {
				"north": {"uv": [0, 0, 0.8, 3.8], "texture": "#1"},
				"east": {"uv": [0, 0, 0.8, 3.8], "texture": "#1"},
				"south": {"uv": [0, 0, 0.8, 3.8], "texture": "#1"},
				"west": {"uv": [0, 0, 0.8, 3.8], "texture": "#1"},
				"up": {"uv": [0, 0, 0.8, 3.8], "texture": "#1"},
				"down": {"uv": [0, 0, 0.8, 3.8], "texture": "#1"}
			}
		},
		{
			"from": [7.6, 0, 3.2],
			"to": [8.4, 3.8, 3.3],
			"rotation": {"angle": 0, "axis": "y", "origin": [8, 1.9, 3.25]},
			"faces": {
				"north": {"uv": [0, 0, 0.8, 3.8], "texture": "#1"},
				"east": {"uv": [0, 0, 0.8, 3.8], "texture": "#1"},
				"south": {"uv": [0, 0, 0.8, 3.8], "texture": "#1"},
				"west": {"uv": [0, 0, 0.8, 3.8], "texture": "#1"},
				"up": {"uv": [0, 0, 0.8, 3.8], "texture": "#1"},
				"down": {"uv": [0, 0, 0.8, 3.8], "texture": "#1"}
			}
		},
		{
			"from": [7.6, 0, -1.9],
			"to": [8.4, 3.8, -1.8],
			"rotation": {"angle": 22.5, "axis": "z", "origin": [8, 1.9, -1.85]},
			"faces": {
				"north": {"uv": [0, 0, 0.8, 3.8], "texture": "#1"},
				"east": {"uv": [0, 0, 0.8, 3.8], "texture": "#1"},
				"south": {"uv": [0, 0, 0.8, 3.8], "texture": "#1"},
				"west": {"uv": [0, 0, 0.8, 3.8], "texture": "#1"},
				"up": {"uv": [0, 0, 0.8, 3.8], "texture": "#1"},
				"down": {"uv": [0, 0, 0.8, 3.8], "texture": "#1"}
			}
		},
		{
			"from": [7.6, 0, -1.9],
			"to": [8.4, 3.8, -1.8],
			"rotation": {"angle": 45, "axis": "z", "origin": [8, 1.9, -1.85]},
			"faces": {
				"north": {"uv": [0, 0, 0.8, 3.8], "texture": "#1"},
				"east": {"uv": [0, 0, 0.8, 3.8], "texture": "#1"},
				"south": {"uv": [0, 0, 0.8, 3.8], "texture": "#1"},
				"west": {"uv": [0, 0, 0.8, 3.8], "texture": "#1"},
				"up": {"uv": [0, 0, 0.8, 3.8], "texture": "#1"},
				"down": {"uv": [0, 0, 0.8, 3.8], "texture": "#1"}
			}
		},
		{
			"from": [6.1, 1.5, -1.9],
			"to": [9.9, 2.3, -1.8],
			"rotation": {"angle": 0, "axis": "y", "origin": [8, 1.9, -1.85]},
			"faces": {
				"north": {"uv": [0, 0, 0.8, 3.8], "rotation": 270, "texture": "#1"},
				"east": {"uv": [0, 0, 0.8, 3.8], "rotation": 270, "texture": "#1"},
				"south": {"uv": [0, 0, 0.8, 3.8], "rotation": 270, "texture": "#1"},
				"west": {"uv": [0, 0, 0.8, 3.8], "rotation": 270, "texture": "#1"},
				"up": {"uv": [0, 0, 0.8, 3.8], "rotation": 270, "texture": "#1"},
				"down": {"uv": [0, 0, 0.8, 3.8], "rotation": 270, "texture": "#1"}
			}
		},
		{
			"from": [6.1, 1.5, -1.9],
			"to": [9.9, 2.3, -1.8],
			"rotation": {"angle": -22.5, "axis": "z", "origin": [8, 1.9, -1.85]},
			"faces": {
				"north": {"uv": [0, 0, 0.8, 3.8], "rotation": 270, "texture": "#1"},
				"east": {"uv": [0, 0, 0.8, 3.8], "rotation": 270, "texture": "#1"},
				"south": {"uv": [0, 0, 0.8, 3.8], "rotation": 270, "texture": "#1"},
				"west": {"uv": [0, 0, 0.8, 3.8], "rotation": 270, "texture": "#1"},
				"up": {"uv": [0, 0, 0.8, 3.8], "rotation": 270, "texture": "#1"},
				"down": {"uv": [0, 0, 0.8, 3.8], "rotation": 270, "texture": "#1"}
			}
		},
		{
			"from": [6.1, 1.5, -1.9],
			"to": [9.9, 2.3, -1.8],
			"rotation": {"angle": 22.5, "axis": "z", "origin": [8, 1.9, -1.85]},
			"faces": {
				"north": {"uv": [0, 0, 0.8, 3.8], "rotation": 90, "texture": "#1"},
				"east": {"uv": [0, 0, 0.8, 3.8], "rotation": 90, "texture": "#1"},
				"south": {"uv": [0, 0, 0.8, 3.8], "rotation": 90, "texture": "#1"},
				"west": {"uv": [0, 0, 0.8, 3.8], "rotation": 90, "texture": "#1"},
				"up": {"uv": [0, 0, 0.8, 3.8], "rotation": 90, "texture": "#1"},
				"down": {"uv": [0, 0, 0.8, 3.8], "rotation": 90, "texture": "#1"}
			}
		},
		{
			"from": [7.6, 0, -1.9],
			"to": [8.4, 3.8, -1.8],
			"rotation": {"angle": -45, "axis": "z", "origin": [8, 1.9, -1.85]},
			"faces": {
				"north": {"uv": [0, 0, 0.8, 3.8], "texture": "#1"},
				"east": {"uv": [0, 0, 0.8, 3.8], "texture": "#1"},
				"south": {"uv": [0, 0, 0.8, 3.8], "texture": "#1"},
				"west": {"uv": [0, 0, 0.8, 3.8], "texture": "#1"},
				"up": {"uv": [0, 0, 0.8, 3.8], "texture": "#1"},
				"down": {"uv": [0, 0, 0.8, 3.8], "texture": "#1"}
			}
		},
		{
			"from": [7.6, 0, -1.9],
			"to": [8.4, 3.8, -1.8],
			"rotation": {"angle": -22.5, "axis": "z", "origin": [8, 1.9, -1.85]},
			"faces": {
				"north": {"uv": [0, 0, 0.8, 3.8], "texture": "#1"},
				"east": {"uv": [0, 0, 0.8, 3.8], "texture": "#1"},
				"south": {"uv": [0, 0, 0.8, 3.8], "texture": "#1"},
				"west": {"uv": [0, 0, 0.8, 3.8], "texture": "#1"},
				"up": {"uv": [0, 0, 0.8, 3.8], "texture": "#1"},
				"down": {"uv": [0, 0, 0.8, 3.8], "texture": "#1"}
			}
		},
		{
			"from": [7.6, 0, -1.9],
			"to": [8.4, 3.8, -1.8],
			"rotation": {"angle": 0, "axis": "y", "origin": [8, 1.9, -1.85]},
			"faces": {
				"north": {"uv": [0, 0, 0.8, 3.8], "texture": "#1"},
				"east": {"uv": [0, 0, 0.8, 3.8], "texture": "#1"},
				"south": {"uv": [0, 0, 0.8, 3.8], "texture": "#1"},
				"west": {"uv": [0, 0, 0.8, 3.8], "texture": "#1"},
				"up": {"uv": [0, 0, 0.8, 3.8], "texture": "#1"},
				"down": {"uv": [0, 0, 0.8, 3.8], "texture": "#1"}
			}
		},
		{
			"from": [7.6, 0, -5.7],
			"to": [8.4, 3.8, -5.6],
			"rotation": {"angle": 22.5, "axis": "z", "origin": [8, 1.9, -5.65]},
			"faces": {
				"north": {"uv": [0, 0, 0.8, 3.8], "texture": "#1"},
				"east": {"uv": [0, 0, 0.8, 3.8], "texture": "#1"},
				"south": {"uv": [0, 0, 0.8, 3.8], "texture": "#1"},
				"west": {"uv": [0, 0, 0.8, 3.8], "texture": "#1"},
				"up": {"uv": [0, 0, 0.8, 3.8], "texture": "#1"},
				"down": {"uv": [0, 0, 0.8, 3.8], "texture": "#1"}
			}
		},
		{
			"from": [7.6, 0, -5.7],
			"to": [8.4, 3.8, -5.6],
			"rotation": {"angle": 45, "axis": "z", "origin": [8, 1.9, -5.65]},
			"faces": {
				"north": {"uv": [0, 0, 0.8, 3.8], "texture": "#1"},
				"east": {"uv": [0, 0, 0.8, 3.8], "texture": "#1"},
				"south": {"uv": [0, 0, 0.8, 3.8], "texture": "#1"},
				"west": {"uv": [0, 0, 0.8, 3.8], "texture": "#1"},
				"up": {"uv": [0, 0, 0.8, 3.8], "texture": "#1"},
				"down": {"uv": [0, 0, 0.8, 3.8], "texture": "#1"}
			}
		},
		{
			"from": [6.1, 1.5, -5.7],
			"to": [9.9, 2.3, -5.6],
			"rotation": {"angle": 0, "axis": "y", "origin": [8, 1.9, -5.65]},
			"faces": {
				"north": {"uv": [0, 0, 0.8, 3.8], "rotation": 270, "texture": "#1"},
				"east": {"uv": [0, 0, 0.8, 3.8], "rotation": 270, "texture": "#1"},
				"south": {"uv": [0, 0, 0.8, 3.8], "rotation": 270, "texture": "#1"},
				"west": {"uv": [0, 0, 0.8, 3.8], "rotation": 270, "texture": "#1"},
				"up": {"uv": [0, 0, 0.8, 3.8], "rotation": 270, "texture": "#1"},
				"down": {"uv": [0, 0, 0.8, 3.8], "rotation": 270, "texture": "#1"}
			}
		},
		{
			"from": [6.1, 1.5, -5.7],
			"to": [9.9, 2.3, -5.6],
			"rotation": {"angle": -22.5, "axis": "z", "origin": [8, 1.9, -5.65]},
			"faces": {
				"north": {"uv": [0, 0, 0.8, 3.8], "rotation": 270, "texture": "#1"},
				"east": {"uv": [0, 0, 0.8, 3.8], "rotation": 270, "texture": "#1"},
				"south": {"uv": [0, 0, 0.8, 3.8], "rotation": 270, "texture": "#1"},
				"west": {"uv": [0, 0, 0.8, 3.8], "rotation": 270, "texture": "#1"},
				"up": {"uv": [0, 0, 0.8, 3.8], "rotation": 270, "texture": "#1"},
				"down": {"uv": [0, 0, 0.8, 3.8], "rotation": 270, "texture": "#1"}
			}
		},
		{
			"from": [6.1, 1.5, -5.7],
			"to": [9.9, 2.3, -5.6],
			"rotation": {"angle": 22.5, "axis": "z", "origin": [8, 1.9, -5.65]},
			"faces": {
				"north": {"uv": [0, 0, 0.8, 3.8], "rotation": 90, "texture": "#1"},
				"east": {"uv": [0, 0, 0.8, 3.8], "rotation": 90, "texture": "#1"},
				"south": {"uv": [0, 0, 0.8, 3.8], "rotation": 90, "texture": "#1"},
				"west": {"uv": [0, 0, 0.8, 3.8], "rotation": 90, "texture": "#1"},
				"up": {"uv": [0, 0, 0.8, 3.8], "rotation": 90, "texture": "#1"},
				"down": {"uv": [0, 0, 0.8, 3.8], "rotation": 90, "texture": "#1"}
			}
		},
		{
			"from": [7.6, 0, -5.7],
			"to": [8.4, 3.8, -5.6],
			"rotation": {"angle": -45, "axis": "z", "origin": [8, 1.9, -5.65]},
			"faces": {
				"north": {"uv": [0, 0, 0.8, 3.8], "texture": "#1"},
				"east": {"uv": [0, 0, 0.8, 3.8], "texture": "#1"},
				"south": {"uv": [0, 0, 0.8, 3.8], "texture": "#1"},
				"west": {"uv": [0, 0, 0.8, 3.8], "texture": "#1"},
				"up": {"uv": [0, 0, 0.8, 3.8], "texture": "#1"},
				"down": {"uv": [0, 0, 0.8, 3.8], "texture": "#1"}
			}
		},
		{
			"from": [7.6, 0, -5.7],
			"to": [8.4, 3.8, -5.6],
			"rotation": {"angle": -22.5, "axis": "z", "origin": [8, 1.9, -5.65]},
			"faces": {
				"north": {"uv": [0, 0, 0.8, 3.8], "texture": "#1"},
				"east": {"uv": [0, 0, 0.8, 3.8], "texture": "#1"},
				"south": {"uv": [0, 0, 0.8, 3.8], "texture": "#1"},
				"west": {"uv": [0, 0, 0.8, 3.8], "texture": "#1"},
				"up": {"uv": [0, 0, 0.8, 3.8], "texture": "#1"},
				"down": {"uv": [0, 0, 0.8, 3.8], "texture": "#1"}
			}
		},
		{
			"from": [7.6, 0, -5.7],
			"to": [8.4, 3.8, -5.6],
			"rotation": {"angle": 0, "axis": "y", "origin": [8, 1.9, -5.65]},
			"faces": {
				"north": {"uv": [0, 0, 0.8, 3.8], "texture": "#1"},
				"east": {"uv": [0, 0, 0.8, 3.8], "texture": "#1"},
				"south": {"uv": [0, 0, 0.8, 3.8], "texture": "#1"},
				"west": {"uv": [0, 0, 0.8, 3.8], "texture": "#1"},
				"up": {"uv": [0, 0, 0.8, 3.8], "texture": "#1"},
				"down": {"uv": [0, 0, 0.8, 3.8], "texture": "#1"}
			}
		},
		{
			"from": [7.6, 0, -7.9],
			"to": [8.4, 3.8, -7.1],
			"rotation": {"angle": 22.5, "axis": "z", "origin": [8, 1.9, -7.65]},
			"faces": {
				"north": {"uv": [0, 0, 0.8, 3.8], "texture": "#1"},
				"east": {"uv": [0, 0, 0.8, 3.8], "texture": "#1"},
				"south": {"uv": [0, 0, 0.8, 3.8], "texture": "#1"},
				"west": {"uv": [0, 0, 0.8, 3.8], "texture": "#1"},
				"up": {"uv": [0, 0, 0.8, 3.8], "texture": "#1"},
				"down": {"uv": [0, 0, 0.8, 3.8], "texture": "#1"}
			}
		},
		{
			"from": [7.6, 0, -7.9],
			"to": [8.4, 3.8, -7.1],
			"rotation": {"angle": 45, "axis": "z", "origin": [8, 1.9, -7.65]},
			"faces": {
				"north": {"uv": [0, 0, 0.8, 3.8], "texture": "#1"},
				"east": {"uv": [0, 0, 0.8, 3.8], "texture": "#1"},
				"south": {"uv": [0, 0, 0.8, 3.8], "texture": "#1"},
				"west": {"uv": [0, 0, 0.8, 3.8], "texture": "#1"},
				"up": {"uv": [0, 0, 0.8, 3.8], "texture": "#1"},
				"down": {"uv": [0, 0, 0.8, 3.8], "texture": "#1"}
			}
		},
		{
			"from": [6.1, 1.5, -7.9],
			"to": [9.9, 2.3, -7.1],
			"rotation": {"angle": 0, "axis": "y", "origin": [8, 1.9, -7.65]},
			"faces": {
				"north": {"uv": [0, 0, 0.8, 3.8], "rotation": 270, "texture": "#1"},
				"east": {"uv": [0, 0, 0.8, 3.8], "rotation": 270, "texture": "#1"},
				"south": {"uv": [0, 0, 0.8, 3.8], "rotation": 270, "texture": "#1"},
				"west": {"uv": [0, 0, 0.8, 3.8], "rotation": 270, "texture": "#1"},
				"up": {"uv": [0, 0, 0.8, 3.8], "rotation": 270, "texture": "#1"},
				"down": {"uv": [0, 0, 0.8, 3.8], "rotation": 270, "texture": "#1"}
			}
		},
		{
			"from": [6.1, 1.5, -7.9],
			"to": [9.9, 2.3, -7.1],
			"rotation": {"angle": -22.5, "axis": "z", "origin": [8, 1.9, -7.65]},
			"faces": {
				"north": {"uv": [0, 0, 0.8, 3.8], "rotation": 270, "texture": "#1"},
				"east": {"uv": [0, 0, 0.8, 3.8], "rotation": 270, "texture": "#1"},
				"south": {"uv": [0, 0, 0.8, 3.8], "rotation": 270, "texture": "#1"},
				"west": {"uv": [0, 0, 0.8, 3.8], "rotation": 270, "texture": "#1"},
				"up": {"uv": [0, 0, 0.8, 3.8], "rotation": 270, "texture": "#1"},
				"down": {"uv": [0, 0, 0.8, 3.8], "rotation": 270, "texture": "#1"}
			}
		},
		{
			"from": [6.1, 1.5, -7.9],
			"to": [9.9, 2.3, -7.1],
			"rotation": {"angle": 22.5, "axis": "z", "origin": [8, 1.9, -7.65]},
			"faces": {
				"north": {"uv": [0, 0, 0.8, 3.8], "rotation": 90, "texture": "#1"},
				"east": {"uv": [0, 0, 0.8, 3.8], "rotation": 90, "texture": "#1"},
				"south": {"uv": [0, 0, 0.8, 3.8], "rotation": 90, "texture": "#1"},
				"west": {"uv": [0, 0, 0.8, 3.8], "rotation": 90, "texture": "#1"},
				"up": {"uv": [0, 0, 0.8, 3.8], "rotation": 90, "texture": "#1"},
				"down": {"uv": [0, 0, 0.8, 3.8], "rotation": 90, "texture": "#1"}
			}
		},
		{
			"from": [7.6, 0, -7.9],
			"to": [8.4, 3.8, -7.1],
			"rotation": {"angle": -45, "axis": "z", "origin": [8, 1.9, -7.65]},
			"faces": {
				"north": {"uv": [0, 0, 0.8, 3.8], "texture": "#1"},
				"east": {"uv": [0, 0, 0.8, 3.8], "texture": "#1"},
				"south": {"uv": [0, 0, 0.8, 3.8], "texture": "#1"},
				"west": {"uv": [0, 0, 0.8, 3.8], "texture": "#1"},
				"up": {"uv": [0, 0, 0.8, 3.8], "texture": "#1"},
				"down": {"uv": [0, 0, 0.8, 3.8], "texture": "#1"}
			}
		},
		{
			"from": [7.6, 0, -7.9],
			"to": [8.4, 3.8, -7.1],
			"rotation": {"angle": -22.5, "axis": "z", "origin": [8, 1.9, -7.65]},
			"faces": {
				"north": {"uv": [0, 0, 0.8, 3.8], "texture": "#1"},
				"east": {"uv": [0, 0, 0.8, 3.8], "texture": "#1"},
				"south": {"uv": [0, 0, 0.8, 3.8], "texture": "#1"},
				"west": {"uv": [0, 0, 0.8, 3.8], "texture": "#1"},
				"up": {"uv": [0, 0, 0.8, 3.8], "texture": "#1"},
				"down": {"uv": [0, 0, 0.8, 3.8], "texture": "#1"}
			}
		},
		{
			"from": [7.6, 0, -7.9],
			"to": [8.4, 3.8, -7.1],
			"rotation": {"angle": 0, "axis": "y", "origin": [8, 1.9, -7.65]},
			"faces": {
				"north": {"uv": [0, 0, 0.8, 3.8], "texture": "#1"},
				"east": {"uv": [0, 0, 0.8, 3.8], "texture": "#1"},
				"south": {"uv": [0, 0, 0.8, 3.8], "texture": "#1"},
				"west": {"uv": [0, 0, 0.8, 3.8], "texture": "#1"},
				"up": {"uv": [0, 0, 0.8, 3.8], "texture": "#1"},
				"down": {"uv": [0, 0, 0.8, 3.8], "texture": "#1"}
			}
		},
		{
			"from": [7.6, 0, 7.9],
			"to": [8.4, 3.8, 8],
			"rotation": {"angle": 22.5, "axis": "z", "origin": [8, 1.9, 7.95]},
			"faces": {
				"north": {"uv": [0, 0, 0.8, 3.8], "texture": "#1"},
				"east": {"uv": [0, 0, 0.8, 3.8], "texture": "#1"},
				"south": {"uv": [0, 0, 0.8, 3.8], "texture": "#1"},
				"west": {"uv": [0, 0, 0.8, 3.8], "texture": "#1"},
				"up": {"uv": [0, 0, 0.8, 3.8], "texture": "#1"},
				"down": {"uv": [0, 0, 0.8, 3.8], "texture": "#1"}
			}
		},
		{
			"from": [7.6, 0, 7.9],
			"to": [8.4, 3.8, 8],
			"rotation": {"angle": 45, "axis": "z", "origin": [8, 1.9, 7.95]},
			"faces": {
				"north": {"uv": [0, 0, 0.8, 3.8], "texture": "#1"},
				"east": {"uv": [0, 0, 0.8, 3.8], "texture": "#1"},
				"south": {"uv": [0, 0, 0.8, 3.8], "texture": "#1"},
				"west": {"uv": [0, 0, 0.8, 3.8], "texture": "#1"},
				"up": {"uv": [0, 0, 0.8, 3.8], "texture": "#1"},
				"down": {"uv": [0, 0, 0.8, 3.8], "texture": "#1"}
			}
		},
		{
			"from": [6.1, 1.5, 7.9],
			"to": [9.9, 2.3, 8],
			"rotation": {"angle": 0, "axis": "y", "origin": [8, 1.9, 7.95]},
			"faces": {
				"north": {"uv": [0, 0, 0.8, 3.8], "rotation": 270, "texture": "#1"},
				"east": {"uv": [0, 0, 0.8, 3.8], "rotation": 270, "texture": "#1"},
				"south": {"uv": [0, 0, 0.8, 3.8], "rotation": 270, "texture": "#1"},
				"west": {"uv": [0, 0, 0.8, 3.8], "rotation": 270, "texture": "#1"},
				"up": {"uv": [0, 0, 0.8, 3.8], "rotation": 270, "texture": "#1"},
				"down": {"uv": [0, 0, 0.8, 3.8], "rotation": 270, "texture": "#1"}
			}
		},
		{
			"from": [6.1, 1.5, 7.9],
			"to": [9.9, 2.3, 8],
			"rotation": {"angle": -22.5, "axis": "z", "origin": [8, 1.9, 7.95]},
			"faces": {
				"north": {"uv": [0, 0, 0.8, 3.8], "rotation": 270, "texture": "#1"},
				"east": {"uv": [0, 0, 0.8, 3.8], "rotation": 270, "texture": "#1"},
				"south": {"uv": [0, 0, 0.8, 3.8], "rotation": 270, "texture": "#1"},
				"west": {"uv": [0, 0, 0.8, 3.8], "rotation": 270, "texture": "#1"},
				"up": {"uv": [0, 0, 0.8, 3.8], "rotation": 270, "texture": "#1"},
				"down": {"uv": [0, 0, 0.8, 3.8], "rotation": 270, "texture": "#1"}
			}
		},
		{
			"from": [6.1, 1.5, 7.9],
			"to": [9.9, 2.3, 8],
			"rotation": {"angle": 22.5, "axis": "z", "origin": [8, 1.9, 7.95]},
			"faces": {
				"north": {"uv": [0, 0, 0.8, 3.8], "rotation": 90, "texture": "#1"},
				"east": {"uv": [0, 0, 0.8, 3.8], "rotation": 90, "texture": "#1"},
				"south": {"uv": [0, 0, 0.8, 3.8], "rotation": 90, "texture": "#1"},
				"west": {"uv": [0, 0, 0.8, 3.8], "rotation": 90, "texture": "#1"},
				"up": {"uv": [0, 0, 0.8, 3.8], "rotation": 90, "texture": "#1"},
				"down": {"uv": [0, 0, 0.8, 3.8], "rotation": 90, "texture": "#1"}
			}
		},
		{
			"from": [7.6, 0, 7.9],
			"to": [8.4, 3.8, 8],
			"rotation": {"angle": -45, "axis": "z", "origin": [8, 1.9, 7.95]},
			"faces": {
				"north": {"uv": [0, 0, 0.8, 3.8], "texture": "#1"},
				"east": {"uv": [0, 0, 0.8, 3.8], "texture": "#1"},
				"south": {"uv": [0, 0, 0.8, 3.8], "texture": "#1"},
				"west": {"uv": [0, 0, 0.8, 3.8], "texture": "#1"},
				"up": {"uv": [0, 0, 0.8, 3.8], "texture": "#1"},
				"down": {"uv": [0, 0, 0.8, 3.8], "texture": "#1"}
			}
		},
		{
			"from": [7.6, 0, 7.9],
			"to": [8.4, 3.8, 8],
			"rotation": {"angle": -22.5, "axis": "z", "origin": [8, 1.9, 7.95]},
			"faces": {
				"north": {"uv": [0, 0, 0.8, 3.8], "texture": "#1"},
				"east": {"uv": [0, 0, 0.8, 3.8], "texture": "#1"},
				"south": {"uv": [0, 0, 0.8, 3.8], "texture": "#1"},
				"west": {"uv": [0, 0, 0.8, 3.8], "texture": "#1"},
				"up": {"uv": [0, 0, 0.8, 3.8], "texture": "#1"},
				"down": {"uv": [0, 0, 0.8, 3.8], "texture": "#1"}
			}
		},
		{
			"from": [7.6, 0, 7.9],
			"to": [8.4, 3.8, 8],
			"rotation": {"angle": 0, "axis": "y", "origin": [8, 1.9, 7.95]},
			"faces": {
				"north": {"uv": [0, 0, 0.8, 3.8], "texture": "#1"},
				"east": {"uv": [0, 0, 0.8, 3.8], "texture": "#1"},
				"south": {"uv": [0, 0, 0.8, 3.8], "texture": "#1"},
				"west": {"uv": [0, 0, 0.8, 3.8], "texture": "#1"},
				"up": {"uv": [0, 0, 0.8, 3.8], "texture": "#1"},
				"down": {"uv": [0, 0, 0.8, 3.8], "texture": "#1"}
			}
		},
		{
			"from": [6.2, -0.3, 8],
			"to": [7, 3.5, 14.45],
			"rotation": {"angle": -22.5, "axis": "z", "origin": [6.6, 1.6, 8.05]},
			"faces": {
				"north": {"uv": [0.8, 0, 1.6, 3.8], "texture": "#1"},
				"east": {"uv": [0.8, 0, 1.6, 3.8], "texture": "#1"},
				"south": {"uv": [0.8, 0, 1.6, 3.8], "texture": "#1"},
				"west": {"uv": [0.8, 0, 1.6, 3.8], "texture": "#1"},
				"up": {"uv": [0.8, 0, 1.6, 3.8], "texture": "#1"},
				"down": {"uv": [0.8, 0, 1.6, 3.8], "texture": "#1"}
			}
		},
		{
			"from": [6.2, -0.3, 8],
			"to": [7, 3.5, 14.45],
			"rotation": {"angle": -45, "axis": "z", "origin": [6.6, 1.6, 8.05]},
			"faces": {
				"north": {"uv": [0.8, 0, 1.6, 3.8], "texture": "#1"},
				"east": {"uv": [0.8, 0, 1.6, 3.8], "texture": "#1"},
				"south": {"uv": [0.8, 0, 1.6, 3.8], "texture": "#1"},
				"west": {"uv": [0.8, 0, 1.6, 3.8], "texture": "#1"},
				"up": {"uv": [0.8, 0, 1.6, 3.8], "texture": "#1"},
				"down": {"uv": [0.8, 0, 1.6, 3.8], "texture": "#1"}
			}
		},
		{
			"from": [4.7, 1.2, 8],
			"to": [8.5, 2, 14.45],
			"rotation": {"angle": 0, "axis": "y", "origin": [6.6, 1.6, 8.05]},
			"faces": {
				"north": {"uv": [0, 3.8, 0.8, 7.6], "rotation": 270, "texture": "#1"},
				"east": {"uv": [0, 3.8, 0.8, 7.6], "rotation": 270, "texture": "#1"},
				"south": {"uv": [0, 3.8, 0.8, 7.6], "rotation": 270, "texture": "#1"},
				"west": {"uv": [0, 3.8, 0.8, 7.6], "rotation": 270, "texture": "#1"},
				"up": {"uv": [0, 3.8, 0.8, 7.6], "rotation": 270, "texture": "#1"},
				"down": {"uv": [0, 3.8, 0.8, 7.6], "rotation": 270, "texture": "#1"}
			}
		},
		{
			"from": [4.7, 1.2, 8],
			"to": [8.5, 2, 14.45],
			"rotation": {"angle": 22.5, "axis": "z", "origin": [6.6, 1.6, 8.05]},
			"faces": {
				"north": {"uv": [0, 3.8, 0.8, 7.6], "rotation": 270, "texture": "#1"},
				"east": {"uv": [0, 3.8, 0.8, 7.6], "rotation": 270, "texture": "#1"},
				"south": {"uv": [0, 3.8, 0.8, 7.6], "rotation": 270, "texture": "#1"},
				"west": {"uv": [0, 3.8, 0.8, 7.6], "rotation": 270, "texture": "#1"},
				"up": {"uv": [0, 3.8, 0.8, 7.6], "rotation": 270, "texture": "#1"},
				"down": {"uv": [0, 3.8, 0.8, 7.6], "rotation": 270, "texture": "#1"}
			}
		},
		{
			"from": [4.7, 1.2, 8],
			"to": [8.5, 2, 14.45],
			"rotation": {"angle": -22.5, "axis": "z", "origin": [6.6, 1.6, 8.05]},
			"faces": {
				"north": {"uv": [0, 3.8, 0.8, 7.6], "rotation": 90, "texture": "#1"},
				"east": {"uv": [0, 3.8, 0.8, 7.6], "rotation": 90, "texture": "#1"},
				"south": {"uv": [0, 3.8, 0.8, 7.6], "rotation": 90, "texture": "#1"},
				"west": {"uv": [0, 3.8, 0.8, 7.6], "rotation": 90, "texture": "#1"},
				"up": {"uv": [0, 3.8, 0.8, 7.6], "rotation": 90, "texture": "#1"},
				"down": {"uv": [0, 3.8, 0.8, 7.6], "rotation": 90, "texture": "#1"}
			}
		},
		{
			"from": [6.2, -0.3, 8],
			"to": [7, 3.5, 14.45],
			"rotation": {"angle": 45, "axis": "z", "origin": [6.6, 1.6, 8.05]},
			"faces": {
				"north": {"uv": [0.8, 0, 1.6, 3.8], "texture": "#1"},
				"east": {"uv": [0.8, 0, 1.6, 3.8], "texture": "#1"},
				"south": {"uv": [0.8, 0, 1.6, 3.8], "texture": "#1"},
				"west": {"uv": [0.8, 0, 1.6, 3.8], "texture": "#1"},
				"up": {"uv": [0.8, 0, 1.6, 3.8], "texture": "#1"},
				"down": {"uv": [0.8, 0, 1.6, 3.8], "texture": "#1"}
			}
		},
		{
			"from": [6.2, -0.3, 8],
			"to": [7, 3.5, 14.45],
			"rotation": {"angle": 22.5, "axis": "z", "origin": [6.6, 1.6, 8.05]},
			"faces": {
				"north": {"uv": [0.8, 0, 1.6, 3.8], "texture": "#1"},
				"east": {"uv": [0.8, 0, 1.6, 3.8], "texture": "#1"},
				"south": {"uv": [0.8, 0, 1.6, 3.8], "texture": "#1"},
				"west": {"uv": [0.8, 0, 1.6, 3.8], "texture": "#1"},
				"up": {"uv": [0.8, 0, 1.6, 3.8], "texture": "#1"},
				"down": {"uv": [0.8, 0, 1.6, 3.8], "texture": "#1"}
			}
		},
		{
			"from": [6.2, -0.3, 8],
			"to": [7, 3.5, 14.45],
			"rotation": {"angle": 0, "axis": "y", "origin": [6.6, 1.6, 8.05]},
			"faces": {
				"north": {"uv": [0.8, 0, 1.6, 3.8], "texture": "#1"},
				"east": {"uv": [0.8, 0, 1.6, 3.8], "texture": "#1"},
				"south": {"uv": [0.8, 0, 1.6, 3.8], "texture": "#1"},
				"west": {"uv": [0.8, 0, 1.6, 3.8], "texture": "#1"},
				"up": {"uv": [0.8, 0, 1.6, 3.8], "texture": "#1"},
				"down": {"uv": [0.8, 0, 1.6, 3.8], "texture": "#1"}
			}
		},
		{
			"from": [9, -0.3, 8],
			"to": [9.8, 3.5, 14.45],
			"rotation": {"angle": 22.5, "axis": "z", "origin": [9.4, 1.6, 8.05]},
			"faces": {
				"north": {"uv": [0, 0, 0.8, 3.8], "texture": "#1"},
				"east": {"uv": [0, 0, 0.8, 3.8], "texture": "#1"},
				"south": {"uv": [0, 0, 0.8, 3.8], "texture": "#1"},
				"west": {"uv": [0, 0, 0.8, 3.8], "texture": "#1"},
				"up": {"uv": [0, 0, 0.8, 3.8], "texture": "#1"},
				"down": {"uv": [0, 0, 0.8, 3.8], "texture": "#1"}
			}
		},
		{
			"from": [9, -0.3, 8],
			"to": [9.8, 3.5, 14.45],
			"rotation": {"angle": 45, "axis": "z", "origin": [9.4, 1.6, 8.05]},
			"faces": {
				"north": {"uv": [0, 0, 0.8, 3.8], "texture": "#1"},
				"east": {"uv": [0, 0, 0.8, 3.8], "texture": "#1"},
				"south": {"uv": [0, 0, 0.8, 3.8], "texture": "#1"},
				"west": {"uv": [0, 0, 0.8, 3.8], "texture": "#1"},
				"up": {"uv": [0, 0, 0.8, 3.8], "texture": "#1"},
				"down": {"uv": [0, 0, 0.8, 3.8], "texture": "#1"}
			}
		},
		{
			"from": [7.5, 1.2, 8],
			"to": [11.3, 2, 14.45],
			"rotation": {"angle": 0, "axis": "y", "origin": [9.4, 1.6, 8.05]},
			"faces": {
				"north": {"uv": [0, 0, 0.8, 3.8], "rotation": 270, "texture": "#1"},
				"east": {"uv": [0, 0, 0.8, 3.8], "rotation": 270, "texture": "#1"},
				"south": {"uv": [0, 0, 0.8, 3.8], "rotation": 270, "texture": "#1"},
				"west": {"uv": [0, 0, 0.8, 3.8], "rotation": 270, "texture": "#1"},
				"up": {"uv": [0, 0, 0.8, 3.8], "rotation": 270, "texture": "#1"},
				"down": {"uv": [0, 0, 0.8, 3.8], "rotation": 270, "texture": "#1"}
			}
		},
		{
			"from": [7.5, 1.2, 8],
			"to": [11.3, 2, 14.45],
			"rotation": {"angle": -22.5, "axis": "z", "origin": [9.4, 1.6, 8.05]},
			"faces": {
				"north": {"uv": [0, 0, 0.8, 3.8], "rotation": 270, "texture": "#1"},
				"east": {"uv": [0, 0, 0.8, 3.8], "rotation": 270, "texture": "#1"},
				"south": {"uv": [0, 0, 0.8, 3.8], "rotation": 270, "texture": "#1"},
				"west": {"uv": [0, 0, 0.8, 3.8], "rotation": 270, "texture": "#1"},
				"up": {"uv": [0, 0, 0.8, 3.8], "rotation": 270, "texture": "#1"},
				"down": {"uv": [0, 0, 0.8, 3.8], "rotation": 270, "texture": "#1"}
			}
		},
		{
			"from": [7.5, 1.2, 8],
			"to": [11.3, 2, 14.45],
			"rotation": {"angle": 22.5, "axis": "z", "origin": [9.4, 1.6, 8.05]},
			"faces": {
				"north": {"uv": [0, 0, 0.8, 3.8], "rotation": 90, "texture": "#1"},
				"east": {"uv": [0, 0, 0.8, 3.8], "rotation": 90, "texture": "#1"},
				"south": {"uv": [0, 0, 0.8, 3.8], "rotation": 90, "texture": "#1"},
				"west": {"uv": [0, 0, 0.8, 3.8], "rotation": 90, "texture": "#1"},
				"up": {"uv": [0, 0, 0.8, 3.8], "rotation": 90, "texture": "#1"},
				"down": {"uv": [0, 0, 0.8, 3.8], "rotation": 90, "texture": "#1"}
			}
		},
		{
			"from": [9, -0.3, 8],
			"to": [9.8, 3.5, 14.45],
			"rotation": {"angle": -45, "axis": "z", "origin": [9.4, 1.6, 8.05]},
			"faces": {
				"north": {"uv": [0, 0, 0.8, 3.8], "texture": "#1"},
				"east": {"uv": [0, 0, 0.8, 3.8], "texture": "#1"},
				"south": {"uv": [0, 0, 0.8, 3.8], "texture": "#1"},
				"west": {"uv": [0, 0, 0.8, 3.8], "texture": "#1"},
				"up": {"uv": [0, 0, 0.8, 3.8], "texture": "#1"},
				"down": {"uv": [0, 0, 0.8, 3.8], "texture": "#1"}
			}
		},
		{
			"from": [9, -0.3, 8],
			"to": [9.8, 3.5, 14.45],
			"rotation": {"angle": -22.5, "axis": "z", "origin": [9.4, 1.6, 8.05]},
			"faces": {
				"north": {"uv": [0, 0, 0.8, 3.8], "texture": "#1"},
				"east": {"uv": [0, 0, 0.8, 3.8], "texture": "#1"},
				"south": {"uv": [0, 0, 0.8, 3.8], "texture": "#1"},
				"west": {"uv": [0, 0, 0.8, 3.8], "texture": "#1"},
				"up": {"uv": [0, 0, 0.8, 3.8], "texture": "#1"},
				"down": {"uv": [0, 0, 0.8, 3.8], "texture": "#1"}
			}
		},
		{
			"from": [9, -0.3, 8],
			"to": [9.8, 3.5, 14.45],
			"rotation": {"angle": 0, "axis": "y", "origin": [9.4, 1.6, 8.05]},
			"faces": {
				"north": {"uv": [0, 0, 0.8, 3.8], "texture": "#1"},
				"east": {"uv": [0, 0, 0.8, 3.8], "texture": "#1"},
				"south": {"uv": [0, 0, 0.8, 3.8], "texture": "#1"},
				"west": {"uv": [0, 0, 0.8, 3.8], "texture": "#1"},
				"up": {"uv": [0, 0, 0.8, 3.8], "texture": "#1"},
				"down": {"uv": [0, 0, 0.8, 3.8], "texture": "#1"}
			}
		},
		{
			"from": [7.6, -1.5, 8],
			"to": [8.4, 2.3, 13.9],
			"rotation": {"angle": 22.5, "axis": "z", "origin": [8, 0.4, 8.05]},
			"faces": {
				"north": {"uv": [0, 0, 0.8, 3.8], "texture": "#1"},
				"east": {"uv": [0, 0, 0.8, 3.8], "texture": "#1"},
				"south": {"uv": [0, 0, 0.8, 3.8], "texture": "#1"},
				"west": {"uv": [0, 0, 0.8, 3.8], "texture": "#1"},
				"up": {"uv": [0, 0, 0.8, 3.8], "texture": "#1"},
				"down": {"uv": [0, 0, 0.8, 3.8], "texture": "#1"}
			}
		},
		{
			"from": [7.6, -1.5, 8],
			"to": [8.4, 2.3, 13.9],
			"rotation": {"angle": 45, "axis": "z", "origin": [8, 0.4, 8.05]},
			"faces": {
				"north": {"uv": [0, 0, 0.8, 3.8], "texture": "#1"},
				"east": {"uv": [0, 0, 0.8, 3.8], "texture": "#1"},
				"south": {"uv": [0, 0, 0.8, 3.8], "texture": "#1"},
				"west": {"uv": [0, 0, 0.8, 3.8], "texture": "#1"},
				"up": {"uv": [0, 0, 0.8, 3.8], "texture": "#1"},
				"down": {"uv": [0, 0, 0.8, 3.8], "texture": "#1"}
			}
		},
		{
			"from": [6.1, 0, 8],
			"to": [9.9, 0.8, 13.9],
			"rotation": {"angle": 0, "axis": "y", "origin": [8, 0.4, 8.05]},
			"faces": {
				"north": {"uv": [0, 0, 0.8, 3.8], "rotation": 270, "texture": "#1"},
				"east": {"uv": [0, 0, 0.8, 3.8], "rotation": 270, "texture": "#1"},
				"south": {"uv": [0, 0, 0.8, 3.8], "rotation": 270, "texture": "#1"},
				"west": {"uv": [0, 0, 0.8, 3.8], "rotation": 270, "texture": "#1"},
				"up": {"uv": [0, 0, 0.8, 3.8], "rotation": 270, "texture": "#1"},
				"down": {"uv": [0, 0, 0.8, 3.8], "rotation": 270, "texture": "#1"}
			}
		},
		{
			"from": [6.1, 0, 8],
			"to": [9.9, 0.8, 13.9],
			"rotation": {"angle": -22.5, "axis": "z", "origin": [8, 0.4, 8.05]},
			"faces": {
				"north": {"uv": [0, 0, 0.8, 3.8], "rotation": 270, "texture": "#1"},
				"east": {"uv": [0, 0, 0.8, 3.8], "rotation": 270, "texture": "#1"},
				"south": {"uv": [0, 0, 0.8, 3.8], "rotation": 270, "texture": "#1"},
				"west": {"uv": [0, 0, 0.8, 3.8], "rotation": 270, "texture": "#1"},
				"up": {"uv": [0, 0, 0.8, 3.8], "rotation": 270, "texture": "#1"},
				"down": {"uv": [0, 0, 0.8, 3.8], "rotation": 270, "texture": "#1"}
			}
		},
		{
			"from": [6.1, 0, 8],
			"to": [9.9, 0.8, 13.9],
			"rotation": {"angle": 22.5, "axis": "z", "origin": [8, 0.4, 8.05]},
			"faces": {
				"north": {"uv": [0, 0, 0.8, 3.8], "rotation": 90, "texture": "#1"},
				"east": {"uv": [0, 0, 0.8, 3.8], "rotation": 90, "texture": "#1"},
				"south": {"uv": [0, 0, 0.8, 3.8], "rotation": 90, "texture": "#1"},
				"west": {"uv": [0, 0, 0.8, 3.8], "rotation": 90, "texture": "#1"},
				"up": {"uv": [0, 0, 0.8, 3.8], "rotation": 90, "texture": "#1"},
				"down": {"uv": [0, 0, 0.8, 3.8], "rotation": 90, "texture": "#1"}
			}
		},
		{
			"from": [7.6, -1.5, 8],
			"to": [8.4, 2.3, 13.9],
			"rotation": {"angle": -45, "axis": "z", "origin": [8, 0.4, 8.05]},
			"faces": {
				"north": {"uv": [0, 0, 0.8, 3.8], "texture": "#1"},
				"east": {"uv": [0, 0, 0.8, 3.8], "texture": "#1"},
				"south": {"uv": [0, 0, 0.8, 3.8], "texture": "#1"},
				"west": {"uv": [0, 0, 0.8, 3.8], "texture": "#1"},
				"up": {"uv": [0, 0, 0.8, 3.8], "texture": "#1"},
				"down": {"uv": [0, 0, 0.8, 3.8], "texture": "#1"}
			}
		},
		{
			"from": [7.6, -1.5, 8],
			"to": [8.4, 2.3, 13.9],
			"rotation": {"angle": -22.5, "axis": "z", "origin": [8, 0.4, 8.05]},
			"faces": {
				"north": {"uv": [0, 0, 0.8, 3.8], "texture": "#1"},
				"east": {"uv": [0, 0, 0.8, 3.8], "texture": "#1"},
				"south": {"uv": [0, 0, 0.8, 3.8], "texture": "#1"},
				"west": {"uv": [0, 0, 0.8, 3.8], "texture": "#1"},
				"up": {"uv": [0, 0, 0.8, 3.8], "texture": "#1"},
				"down": {"uv": [0, 0, 0.8, 3.8], "texture": "#1"}
			}
		},
		{
			"from": [7.6, -1.5, 8],
			"to": [8.4, 2.3, 13.9],
			"rotation": {"angle": 0, "axis": "y", "origin": [8, 0.4, 8.05]},
			"faces": {
				"north": {"uv": [0, 0, 0.8, 3.8], "texture": "#1"},
				"east": {"uv": [0, 0, 0.8, 3.8], "texture": "#1"},
				"south": {"uv": [0, 0, 0.8, 3.8], "texture": "#1"},
				"west": {"uv": [0, 0, 0.8, 3.8], "texture": "#1"},
				"up": {"uv": [0, 0, 0.8, 3.8], "texture": "#1"},
				"down": {"uv": [0, 0, 0.8, 3.8], "texture": "#1"}
			}
		}
	],
	"display": {
		"thirdperson_righthand": {
			"rotation": [52.25, 0, 0],
			"translation": [0, 8.25, 0],
			"scale": [1.2, 1.2, 1.2]
		},
		"thirdperson_lefthand": {
			"rotation": [52.25, 0, 0],
			"translation": [0, 8.25, 0],
			"scale": [1.2, 1.2, 1.2]
		},
		"firstperson_righthand": {
			"rotation": [-0.05, -4.1, -1.35],
			"translation": [0.75, 10.25, 1.25],
			"scale": [1.26953, 1.26953, 1.26953]
		},
		"firstperson_lefthand": {
			"rotation": [-0.05, -4.1, -1.35],
			"translation": [0.75, 10.25, 1.25],
			"scale": [1.26953, 1.26953, 1.26953]
		},
		"ground": {
			"translation": [0, 1, 1.5],
			"scale": [0.5, 0.5, 0.5]
		},
		"gui": {
			"rotation": [-160.72, -34.45, 178.81],
			"translation": [-2, 6.25, 0],
			"scale": [0.9, 0.9, 0.9]
		},
		"head": {
			"translation": [0, 22, -8.25],
			"scale": [2, 2, 2]
		},
		"fixed": {
			"rotation": [47.66, 64.93, -71.06],
			"translation": [4.75, 3.5, -3.25]
		}
	},
	"groups": [
		{
			"name": "MZK1",
			"origin": [8, 8, 8],
			"color": 0,
			"children": [
				{
					"name": "hexadecagon",
					"origin": [8, 8, 8],
					"color": 0,
					"children": [0, 1, 2, 3, 4, 5, 6, 7]
				},
				{
					"name": "group",
					"origin": [8, 8, 8],
					"color": 0,
					"children": [8, 9, 10, 11]
				},
				{
					"name": "hexadecagon",
					"origin": [8, 8, 8],
					"color": 0,
					"children": [12, 13, 14, 15, 16, 17, 18, 19]
				},
				{
					"name": "group",
					"origin": [8, 8, 8],
					"color": 0,
					"children": [
						20,
						21,
						22,
						23,
						24,
						25,
						26,
						27,
						28,
						29,
						30,
						31,
						32,
						33,
						34,
						{
							"name": "group",
							"origin": [8, 8, 8],
							"color": 0,
							"children": [35, 36, 37, 38, 39, 40]
						}
					]
				},
				{
					"name": "juusin1",
					"origin": [8, 8, 8],
					"color": 0,
					"children": [
						{
							"name": "hexadecagon",
							"origin": [7.55, 8, 8],
							"color": 0,
							"children": [41, 42, 43, 44, 45, 46, 47, 48]
						},
						{
							"name": "hexadecagon",
							"origin": [7.55, 8, 8],
							"color": 0,
							"children": [49, 50, 51, 52, 53, 54, 55, 56]
						},
						{
							"name": "hexadecagon",
							"origin": [7.55, 8, 8],
							"color": 0,
							"children": [57, 58, 59, 60, 61, 62, 63, 64]
						},
						{
							"name": "hexadecagon",
							"origin": [7.55, 8, 8],
							"color": 0,
							"children": [65, 66, 67, 68, 69, 70, 71, 72]
						}
					]
				},
				{
					"name": "juusin",
					"origin": [8, 8, 8],
					"color": 0,
					"children": [
						{
							"name": "group",
							"origin": [8.425, 8, 8],
							"color": 0,
							"children": [73, 74, 75, 76, 77, 78, 79, 80]
						},
						{
							"name": "group",
							"origin": [8.425, 8, 8],
							"color": 0,
							"children": [81, 82, 83, 84, 85, 86, 87, 88]
						},
						{
							"name": "group",
							"origin": [8.425, 8, 8],
							"color": 0,
							"children": [89, 90, 91, 92, 93, 94, 95, 96]
						},
						{
							"name": "group",
							"origin": [8.425, 8, 8],
							"color": 0,
							"children": [97, 98, 99, 100, 101, 102, 103, 104]
						}
					]
				},
				{
					"name": "group",
					"origin": [8, 8, 8],
					"color": 0,
					"children": [
						{
							"name": "group",
							"origin": [8.425, 8, 8],
							"color": 0,
							"children": [105, 106, 107, 108, 109, 110, 111, 112]
						},
						{
							"name": "group",
							"origin": [8.425, 8, 8],
							"color": 0,
							"children": [113, 114, 115, 116, 117, 118, 119, 120]
						},
						{
							"name": "group",
							"origin": [8.425, 8, 8],
							"color": 0,
							"children": [121, 122, 123, 124, 125, 126, 127, 128]
						},
						{
							"name": "group",
							"origin": [8.425, 8, 8],
							"color": 0,
							"children": [129, 130, 131, 132, 133, 134, 135, 136]
						}
					]
				}
			]
		}
	]
}